"","whiteRatio","name_img","sizeRatio"
"1",0.177002312381753,"img-1.png",1.71052631578947
"2",0.428571428571429,"img-10.png",11
"3",0.316190476190476,"img-100.png",5.75
"4",0.285714285714286,"img-1000.png",18
"5",0.282924107142857,"img-1001.png",54
"6",0.309770114942529,"img-1002.png",56
"7",0.519704433497537,"img-1003.png",6.75
"8",0.402836879432624,"img-1004.png",2.8125
"9",0.275530839231547,"img-1005.png",2
"10",0.264550264550265,"img-1006.png",1.79166666666667
"11",0.297872340425532,"img-1007.png",2.04545454545455
"12",0.288819875776398,"img-1008.png",2.31578947368421
"13",0.295031055900621,"img-1009.png",2.0952380952381
"14",0.358024691358025,"img-101.png",12.5
"15",0.306349206349206,"img-1010.png",3.07142857142857
"16",0.297360248447205,"img-1011.png",3.38461538461538
"17",0.313658201784489,"img-1012.png",3.46153846153846
"18",0.294927536231884,"img-1013.png",2.58823529411765
"19",0.312285518188058,"img-1014.png",3
"20",0.404558404558405,"img-1015.png",1.47058823529412
"21",0.416296296296296,"img-1016.png",1.31578947368421
"22",0.277294685990338,"img-1017.png",6.28571428571429
"23",0.375420875420875,"img-1018.png",4.16666666666667
"24",0.439935064935065,"img-1019.png",5.2
"25",0.419642857142857,"img-102.png",3.75
"26",0.329545454545455,"img-1020.png",5
"27",0.307939053728949,"img-1021.png",2.05
"28",0.291304347826087,"img-1022.png",5.25
"29",0.310416666666667,"img-1023.png",3.14285714285714
"30",0.354761904761905,"img-1024.png",3.11111111111111
"31",0.342657342657343,"img-1025.png",0.375
"32",0.331168831168831,"img-1026.png",4.5
"33",0.329059829059829,"img-1027.png",3.2
"34",0.414529914529915,"img-1028.png",4
"35",0.4,"img-1029.png",8
"36",0.547916666666667,"img-103.png",7
"37",0.4,"img-1030.png",18
"38",0.22866344605475,"img-1031.png",12.5
"39",0.372781065088757,"img-1032.png",6
"40",0.470779220779221,"img-1033.png",26
"41",0.461111111111111,"img-1034.png",18
"42",0.322674418604651,"img-1035.png",4.55555555555556
"43",0.359090909090909,"img-1036.png",4.66666666666667
"44",0.441176470588235,"img-1037.png",1
"45",0.275177304964539,"img-1038.png",15
"46",0.364102564102564,"img-1039.png",2
"47",0.339539007092199,"img-104.png",5
"48",0.407692307692308,"img-1040.png",2.4
"49",0.37037037037037,"img-1041.png",2.08333333333333
"50",0.349537037037037,"img-1042.png",2.77777777777778
"51",0.426190476190476,"img-1043.png",4.33333333333333
"52",0.390572390572391,"img-1044.png",12.5
"53",0.415584415584416,"img-1045.png",0.714285714285714
"54",0.343297101449275,"img-1046.png",5.5
"55",0.329777777777778,"img-1047.png",4.3
"56",0.365581395348837,"img-1048.png",4.1
"57",0.352888888888889,"img-1049.png",7.16666666666667
"58",0.333333333333333,"img-105.png",6.42857142857143
"59",0.317028985507246,"img-1050.png",7.33333333333333
"60",0.363636363636364,"img-1051.png",0.529411764705882
"61",0.298076923076923,"img-1052.png",Inf
"62",0.376190476190476,"img-1053.png",1.5
"63",0.430769230769231,"img-1054.png",3.25
"64",0.374358974358974,"img-1055.png",2.6
"65",0.33125,"img-1056.png",9
"66",0.343304843304843,"img-1057.png",1.41176470588235
"67",0.402504472271914,"img-1058.png",20.5
"68",0.434704830053667,"img-1059.png",13.6666666666667
"69",0.359042553191489,"img-106.png",6.42857142857143
"70",0.341836734693878,"img-1060.png",5.2
"71",0.37962962962963,"img-1061.png",0.892857142857143
"72",0.301619433198381,"img-1062.png",12
"73",0.384615384615385,"img-1063.png",1.84615384615385
"74",0.375082399472643,"img-1064.png",1.56
"75",0.226588628762542,"img-1065.png",8.375
"76",0.410526315789474,"img-1066.png",1.54545454545455
"77",0.421052631578947,"img-1067.png",2.42857142857143
"78",0.40952380952381,"img-1068.png",9.5
"79",0.338888888888889,"img-1069.png",0.5
"80",0.351950354609929,"img-107.png",3.46153846153846
"81",0.403846153846154,"img-1070.png",12
"82",0.393181818181818,"img-1071.png",9
"83",0.285714285714286,"img-1072.png",1.42857142857143
"84",0.372636262513904,"img-1073.png",1.08
"85",0.446153846153846,"img-1074.png",8
"86",0.203961848862803,"img-1075.png",4.5
"87",0.218140929535232,"img-1076.png",3.66666666666667
"88",0.417989417989418,"img-1077.png",3.8
"89",0.402116402116402,"img-1078.png",3.16666666666667
"90",0.398148148148148,"img-1079.png",6.25
"91",0.335992907801418,"img-108.png",7.5
"92",0.469827586206897,"img-1080.png",3
"93",0.461538461538462,"img-1081.png",1.66666666666667
"94",0.388888888888889,"img-1082.png",1.66666666666667
"95",0.379166666666667,"img-1083.png",6
"96",0.347826086956522,"img-1084.png",2.58823529411765
"97",0.346153846153846,"img-1085.png",2.18181818181818
"98",0.401021711366539,"img-1086.png",1.13636363636364
"99",0.449553001277139,"img-1087.png",2.77777777777778
"100",0.401021711366539,"img-1088.png",1.13636363636364
"101",0.424501424501425,"img-1089.png",1.09090909090909
"102",0.344858156028369,"img-109.png",4.5
"103",0.471879286694102,"img-1090.png",1.19047619047619
"104",0.414351851851852,"img-1091.png",2.08333333333333
"105",0.407563025210084,"img-1092.png",2.16666666666667
"106",0.322222222222222,"img-1093.png",2.09090909090909
"107",0.37037037037037,"img-1094.png",3.125
"108",0.430803571428571,"img-1095.png",3.25
"109",0.37962962962963,"img-1096.png",3.25
"110",0.412698412698413,"img-1097.png",8.66666666666667
"111",0.446913580246914,"img-1098.png",2.27272727272727
"112",0.412345679012346,"img-1099.png",4.16666666666667
"113",0.367441860465116,"img-11.png",10.25
"114",0.358156028368794,"img-110.png",4.09090909090909
"115",0.456551724137931,"img-1100.png",2.45454545454545
"116",0.465608465608466,"img-1101.png",1.85714285714286
"117",0.444137931034483,"img-1102.png",2.25
"118",0.446153846153846,"img-1103.png",3.6
"119",0.565610859728507,"img-1104.png",2.14285714285714
"120",0.446969696969697,"img-1105.png",1.5
"121",0.357988165680473,"img-1106.png",4.8
"122",0.510989010989011,"img-1107.png",4.33333333333333
"123",0.355029585798817,"img-1108.png",1.41176470588235
"124",0.265653495440729,"img-1109.png",22.5
"125",0.359042553191489,"img-111.png",7.5
"126",0.349112426035503,"img-1110.png",6
"127",0.488095238095238,"img-1111.png",20
"128",0.511363636363636,"img-1112.png",21
"129",0.420454545454545,"img-1113.png",42
"130",0.530952380952381,"img-1114.png",40
"131",0.444168734491315,"img-1115.png",4.14285714285714
"132",0.456706281833616,"img-1116.png",1.8125
"133",0.453310696095076,"img-1117.png",1.93333333333333
"134",0.430864197530864,"img-1118.png",1.86666666666667
"135",0.386666666666667,"img-1119.png",1.3
"136",0.360815602836879,"img-112.png",5
"137",0.380730380730381,"img-1120.png",1.06896551724138
"138",0.341346153846154,"img-1121.png",24
"139",0.365,"img-1122.png",2.55555555555556
"140",0.3825,"img-1123.png",2.55555555555556
"141",0.190917874396135,"img-1124.png",2.03030303030303
"142",0.345390070921986,"img-1125.png",0.756756756756757
"143",0.354,"img-1126.png",2.3
"144",0.42,"img-1127.png",2.55555555555556
"145",0.41,"img-1128.png",2.09090909090909
"146",0.436,"img-1129.png",2.55555555555556
"147",0.339555555555556,"img-113.png",8.6
"148",0.411111111111111,"img-1130.png",0.777777777777778
"149",0.397037037037037,"img-1131.png",0.777777777777778
"150",0.388571428571429,"img-1132.png",26
"151",0.367446393762183,"img-1133.png",0.892857142857143
"152",0.42911877394636,"img-1134.png",3.85714285714286
"153",0.274209486166008,"img-1135.png",6.28571428571429
"154",0.406593406593407,"img-1136.png",2.375
"155",0.387345679012346,"img-1137.png",6.57142857142857
"156",0.300841514726508,"img-1138.png",2.31578947368421
"157",0.306451612903226,"img-1139.png",1.23809523809524
"158",0.33786231884058,"img-114.png",4
"159",0.386363636363636,"img-1140.png",0.666666666666667
"160",0.390123456790123,"img-1141.png",1.92307692307692
"161",0.35989010989011,"img-1142.png",2.4
"162",0.39010989010989,"img-1143.png",13
"163",0.427377220480669,"img-1144.png",27
"164",0.398739164696612,"img-1145.png",0.657894736842105
"165",0.446153846153846,"img-1146.png",1.41176470588235
"166",0.421538461538462,"img-1147.png",1.2
"167",0.315217391304348,"img-1148.png",22
"168",0.212099125364431,"img-1149.png",5.22222222222222
"169",0.365036231884058,"img-115.png",3.66666666666667
"170",0.42495126705653,"img-1150.png",2.5
"171",0.397058823529412,"img-1151.png",5
"172",0.466346153846154,"img-1152.png",5.5
"173",0.360902255639098,"img-1153.png",4
"174",0.388663967611336,"img-1154.png",2.2
"175",0.504273504273504,"img-1155.png",2.18181818181818
"176",0.411111111111111,"img-1156.png",3.125
"177",0.406976744186047,"img-1157.png",13.6666666666667
"178",0.327441077441077,"img-1158.png",2.33333333333333
"179",0.367786391042205,"img-1159.png",2.15789473684211
"180",0.353913043478261,"img-116.png",4.4
"181",0.346036585365854,"img-1160.png",0.967741935483871
"182",0.379573170731707,"img-1161.png",0.967741935483871
"183",0.212412587412587,"img-1162.png",7.14285714285714
"184",0.196745562130178,"img-1163.png",2.94117647058824
"185",0.225524475524476,"img-1164.png",6.25
"186",0.267345050878816,"img-1165.png",5.625
"187",0.404938271604938,"img-1166.png",1.92307692307692
"188",0.357647058823529,"img-1167.png",1.64285714285714
"189",0.356481481481481,"img-1168.png",3.125
"190",0.325721153846154,"img-1169.png",1.04347826086957
"191",0.336521739130435,"img-117.png",7.33333333333333
"192",0.335336538461538,"img-1170.png",1.04347826086957
"193",0.357692307692308,"img-1171.png",1.26315789473684
"194",0.310096153846154,"img-1172.png",0.608695652173913
"195",0.395833333333333,"img-1173.png",5
"196",0.419435215946844,"img-1174.png",0.742857142857143
"197",0.434343434343434,"img-1175.png",2.33333333333333
"198",0.35778175313059,"img-1176.png",41
"199",0.418330308529946,"img-1177.png",1.08
"200",0.391111111111111,"img-1178.png",2.3
"201",0.302387267904509,"img-1179.png",24
"202",0.428104575163399,"img-118.png",5.33333333333333
"203",0.410714285714286,"img-1180.png",1.25
"204",0.411111111111111,"img-1181.png",3.25
"205",0.366987179487179,"img-1182.png",1.6
"206",0.461538461538462,"img-1183.png",12
"207",0.307142857142857,"img-1184.png",1.52941176470588
"208",0.420454545454545,"img-1185.png",1.5
"209",0.406593406593407,"img-1186.png",0.625
"210",0.442307692307692,"img-1187.png",2
"211",0.210403726708075,"img-1188.png",4.88888888888889
"212",0.223015873015873,"img-1189.png",4.3
"213",0.348484848484849,"img-119.png",4.16666666666667
"214",0.239906832298137,"img-1190.png",4.88888888888889
"215",0.34943351222421,"img-1191.png",3.15384615384615
"216",0.412087912087912,"img-1192.png",1.53846153846154
"217",0.413708690330477,"img-1193.png",1.57692307692308
"218",0.419354838709677,"img-1194.png",5.8
"219",0.460829493087558,"img-1195.png",4.83333333333333
"220",0.45852534562212,"img-1196.png",4.83333333333333
"221",0.483870967741935,"img-1197.png",4.83333333333333
"222",0.481566820276498,"img-1198.png",4.83333333333333
"223",0.416091954022988,"img-1199.png",3.375
"224",0.350290697674419,"img-12.png",13.6666666666667
"225",0.369047619047619,"img-120.png",8.66666666666667
"226",0.5,"img-1200.png",4
"227",0.400591278640059,"img-1201.png",4.42857142857143
"228",0.372819100091827,"img-1202.png",3.875
"229",0.38671875,"img-1203.png",15
"230",0.39572192513369,"img-1204.png",1
"231",0.408294930875576,"img-1205.png",0.935483870967742
"232",0.117820719269995,"img-1206.png",6.7
"233",0.37037037037037,"img-1207.png",8.33333333333333
"234",0.37962962962963,"img-1208.png",6.25
"235",0.427368421052632,"img-1209.png",2.09090909090909
"236",0.377742946708464,"img-121.png",27
"237",0.260869565217391,"img-1210.png",4.4
"238",0.265700483091787,"img-1211.png",3.66666666666667
"239",0.259316770186335,"img-1212.png",3.66666666666667
"240",0.281505728314239,"img-1213.png",5.625
"241",0.252955082742317,"img-1214.png",5.625
"242",0.362637362637363,"img-1215.png",0.785714285714286
"243",0.413793103448276,"img-1216.png",13.5
"244",0.390756302521008,"img-1217.png",1.875
"245",0.381868131868132,"img-1218.png",8.66666666666667
"246",0.395833333333333,"img-1219.png",4
"247",0.389770723104056,"img-122.png",4.16666666666667
"248",0.358391608391608,"img-1220.png",1.81818181818182
"249",0.476190476190476,"img-1221.png",9.5
"250",0.566666666666667,"img-1222.png",6.33333333333333
"251",0.554545454545455,"img-1223.png",6.66666666666667
"252",0.205882352941176,"img-1224.png",3.88235294117647
"253",0.437229437229437,"img-1225.png",1.66666666666667
"254",0.510822510822511,"img-1226.png",1.53846153846154
"255",0.441269841269841,"img-1227.png",1.72727272727273
"256",0.383838383838384,"img-1228.png",9
"257",0.421052631578947,"img-1229.png",8.5
"258",0.337662337662338,"img-123.png",6.5
"259",0.328571428571429,"img-1230.png",1.625
"260",0.397321428571429,"img-1231.png",1.625
"261",0.3276740237691,"img-1232.png",29
"262",0.426470588235294,"img-1233.png",3
"263",0.21658615136876,"img-1234.png",5.5
"264",0.320833333333333,"img-1235.png",1.75
"265",0.375,"img-1236.png",2.33333333333333
"266",0.248785228377065,"img-1237.png",4.27272727272727
"267",0.264390243902439,"img-1238.png",4.36363636363636
"268",0.350617283950617,"img-1239.png",1.08695652173913
"269",0.339160839160839,"img-124.png",4.8
"270",0.365207373271889,"img-1240.png",8.66666666666667
"271",0.362903225806452,"img-1241.png",6.5
"272",0.428571428571429,"img-1242.png",0.5
"273",0.479117415287628,"img-1243.png",0.641025641025641
"274",0.470364741641337,"img-1244.png",2.6
"275",0.534126984126984,"img-1245.png",0.962962962962963
"276",0.32,"img-1246.png",1.38888888888889
"277",0.496503496503497,"img-1247.png",4.8
"278",0.410909090909091,"img-1248.png",7.66666666666667
"279",0.442307692307692,"img-1249.png",2.33333333333333
"280",0.315715292459478,"img-125.png",4.55555555555556
"281",0.412698412698413,"img-1250.png",3.16666666666667
"282",0.341137123745819,"img-1251.png",5.5
"283",0.364157119476268,"img-1252.png",7.5
"284",0.46551724137931,"img-1253.png",1.58823529411765
"285",0.512931034482759,"img-1254.png",5.4
"286",0.446120689655172,"img-1255.png",5.4
"287",0.489224137931034,"img-1256.png",5.4
"288",0.446969696969697,"img-1257.png",2.22222222222222
"289",0.435897435897436,"img-1258.png",1.85714285714286
"290",0.28,"img-1259.png",1.625
"291",0.385714285714286,"img-126.png",6.6
"292",0.425170068027211,"img-1260.png",2.375
"293",0.338383838383838,"img-1261.png",14
"294",0.43006993006993,"img-1262.png",12
"295",0.411242603550296,"img-1263.png",2.18181818181818
"296",0.379120879120879,"img-1264.png",4.8
"297",0.408333333333333,"img-1265.png",2.8
"298",0.393939393939394,"img-1266.png",7.33333333333333
"299",0.488095238095238,"img-1267.png",1
"300",0.254480286738351,"img-1268.png",1.13636363636364
"301",0.438423645320197,"img-1269.png",4.5
"302",0.383986928104575,"img-127.png",16
"303",0.324175824175824,"img-1270.png",1
"304",0.445945945945946,"img-1271.png",1.04
"305",0.417733990147783,"img-1272.png",1.125
"306",0.402310924369748,"img-1273.png",1.04
"307",0.427579365079365,"img-1274.png",1.04
"308",0.431992337164751,"img-1275.png",1.125
"309",0.441358024691358,"img-1276.png",8.33333333333333
"310",0.227053140096618,"img-1277.png",3.66666666666667
"311",0.256107171000788,"img-1278.png",5.625
"312",0.318181818181818,"img-1279.png",8.33333333333333
"313",0.37037037037037,"img-128.png",10.3333333333333
"314",0.335978835978836,"img-1280.png",1.3
"315",0.422258592471358,"img-1281.png",45
"316",0.408637873754153,"img-1282.png",8.2
"317",0.394675925925926,"img-1283.png",23
"318",0.240079365079365,"img-1284.png",4.44444444444444
"319",0.251984126984127,"img-1285.png",4
"320",0.243083003952569,"img-1286.png",21
"321",0.403645833333333,"img-1287.png",2.44444444444444
"322",0.214305829343847,"img-1288.png",4.25
"323",0.455641688199828,"img-1289.png",0.714285714285714
"324",0.359046283309958,"img-129.png",5.8
"325",0.296514259846084,"img-1290.png",1.55172413793103
"326",0.319602272727273,"img-1291.png",3.53846153846154
"327",0.284160756501182,"img-1292.png",3.75
"328",0.333487940630798,"img-1293.png",5.875
"329",0.457142857142857,"img-1294.png",6
"330",0.350550964187328,"img-1295.png",21
"331",0.384057971014493,"img-1296.png",2.31578947368421
"332",0.342652329749104,"img-1297.png",2.26315789473684
"333",0.362007168458781,"img-1298.png",2.26315789473684
"334",0.365277777777778,"img-1299.png",2.26315789473684
"335",0.325465838509317,"img-13.png",2.44444444444444
"336",0.39945652173913,"img-130.png",4.28571428571429
"337",0.360703812316716,"img-1300.png",2.21052631578947
"338",0.369175627240143,"img-1301.png",2.52941176470588
"339",0.352688172043011,"img-1302.png",2.15
"340",0.354300385109114,"img-1303.png",3
"341",0.348370927318296,"img-1304.png",3.07692307692308
"342",0.440577249575552,"img-1305.png",9.66666666666667
"343",0.454769736842105,"img-1306.png",1
"344",0.46875,"img-1307.png",2
"345",0.477079796264856,"img-1308.png",2.07142857142857
"346",0.361952861952862,"img-1309.png",2.21052631578947
"347",0.374666666666667,"img-131.png",4
"348",0.45141065830721,"img-1310.png",2.07692307692308
"349",0.366666666666667,"img-1311.png",1.47058823529412
"350",0.268376068376068,"img-1312.png",21.5
"351",0.385696040868455,"img-1313.png",1.19047619047619
"352",0.263888888888889,"img-1314.png",3.90909090909091
"353",0.27104532839963,"img-1315.png",7.5
"354",0.216780409474107,"img-1316.png",0.882352941176471
"355",0.210795902285264,"img-1317.png",45
"356",0.229880631497882,"img-1318.png",23.5
"357",0.21969696969697,"img-1319.png",46
"358",0.319805194805195,"img-132.png",3.71428571428571
"359",0.233883647798742,"img-1320.png",Inf
"360",0.243892828999212,"img-1321.png",0.865384615384615
"361",0.220293209876543,"img-1322.png",3.06666666666667
"362",0.36604774535809,"img-1323.png",2.66666666666667
"363",0.348639455782313,"img-1324.png",3.61538461538462
"364",0.371527777777778,"img-1325.png",9.2
"365",0.34608843537415,"img-1326.png",3.35714285714286
"366",0.335106382978723,"img-1327.png",7.5
"367",0.357142857142857,"img-1328.png",11.75
"368",0.323784722222222,"img-1329.png",15.3333333333333
"369",0.363636363636364,"img-133.png",3.71428571428571
"370",0.338541666666667,"img-1330.png",5.11111111111111
"371",0.340579710144928,"img-1331.png",7.33333333333333
"372",0.345108695652174,"img-1332.png",4.4
"373",0.337021276595745,"img-1333.png",9
"374",0.348936170212766,"img-1334.png",9
"375",0.328922495274102,"img-1335.png",7.33333333333333
"376",0.516233766233766,"img-1336.png",13
"377",0.458089668615984,"img-1337.png",2.27272727272727
"378",0.333333333333333,"img-1338.png",2.66666666666667
"379",0.364197530864198,"img-1339.png",3.57142857142857
"380",0.345779220779221,"img-134.png",4.33333333333333
"381",0.351851851851852,"img-1340.png",1.92307692307692
"382",0.443010752688172,"img-1341.png",2.41666666666667
"383",0.495726495726496,"img-1342.png",6.25
"384",0.57183908045977,"img-1343.png",13.5
"385",0.384398496240602,"img-1344.png",0.962962962962963
"386",0.312111801242236,"img-1345.png",1.69230769230769
"387",0.46484375,"img-1346.png",0.5
"388",0.405797101449275,"img-1347.png",1.4
"389",0.393719806763285,"img-1348.png",1.5
"390",0.400966183574879,"img-1349.png",1.5
"391",0.353896103896104,"img-135.png",5.2
"392",0.376984126984127,"img-1350.png",1.31578947368421
"393",0.5,"img-1351.png",1.5
"394",0.614285714285714,"img-1352.png",2.66666666666667
"395",0.648148148148148,"img-1353.png",0.571428571428571
"396",0.53125,"img-1354.png",2
"397",0.587301587301587,"img-1355.png",7
"398",0.619047619047619,"img-1356.png",7
"399",0.578125,"img-1357.png",2
"400",0.589285714285714,"img-1358.png",2
"401",0.609375,"img-1359.png",2
"402",0.331632653061224,"img-136.png",5.2
"403",0.578125,"img-1360.png",2
"404",0.568181818181818,"img-1361.png",1.25
"405",0.5,"img-1362.png",0.8
"406",0.698224852071006,"img-1363.png",1.57142857142857
"407",0.569230769230769,"img-1364.png",3.25
"408",0.696428571428571,"img-1365.png",1.71428571428571
"409",0.324675324675325,"img-1366.png",2.25
"410",0.589285714285714,"img-1367.png",3
"411",0.5,"img-1368.png",2
"412",0.541666666666667,"img-1369.png",1.5
"413",0.327922077922078,"img-137.png",4.33333333333333
"414",0.555555555555556,"img-1370.png",2.33333333333333
"415",0.472222222222222,"img-1371.png",2.33333333333333
"416",0.4125,"img-1372.png",1
"417",0.38,"img-1373.png",1.33333333333333
"418",0.398148148148148,"img-1374.png",5
"419",0.636363636363636,"img-1375.png",1.5
"420",0.616666666666667,"img-1376.png",1.14285714285714
"421",0.484848484848485,"img-1377.png",0.777777777777778
"422",0.46875,"img-1378.png",10
"423",0.428571428571429,"img-1379.png",1.25
"424",0.329545454545455,"img-138.png",5.2
"425",0.686868686868687,"img-1380.png",1.28571428571429
"426",0.505050505050505,"img-1381.png",1.5
"427",0.393382352941176,"img-1382.png",46
"428",0.408088235294118,"img-1383.png",46
"429",0.466448445171849,"img-1384.png",7.5
"430",0.377038043478261,"img-1385.png",2.31578947368421
"431",0.426573426573427,"img-1386.png",6
"432",0.437665782493369,"img-1387.png",1.58823529411765
"433",0.376847290640394,"img-1388.png",4.33333333333333
"434",0.407635467980296,"img-1389.png",4.33333333333333
"435",0.300324675324675,"img-139.png",5.2
"436",0.431216931216931,"img-1390.png",5
"437",0.422321428571429,"img-1391.png",1.44444444444444
"438",0.411764705882353,"img-1392.png",2.88888888888889
"439",0.429752066115702,"img-1393.png",2.81818181818182
"440",0.402548725637181,"img-1394.png",2
"441",0.451559934318555,"img-1395.png",2.45454545454545
"442",0.459770114942529,"img-1396.png",2.45454545454545
"443",0.34985632183908,"img-1397.png",11.5
"444",0.46,"img-1398.png",2.57142857142857
"445",0.306190476190476,"img-1399.png",12
"446",0.340123456790123,"img-14.png",2.6875
"447",0.331168831168831,"img-140.png",5.2
"448",0.404040404040404,"img-1400.png",1.4
"449",0.218573797678275,"img-1401.png",5.41666666666667
"450",0.209279688513952,"img-1402.png",5.41666666666667
"451",0.218573797678275,"img-1403.png",7.22222222222222
"452",0.262222222222222,"img-1404.png",6.14285714285714
"453",0.43452380952381,"img-1405.png",26
"454",0.432215743440233,"img-1406.png",1.1304347826087
"455",0.46551724137931,"img-1407.png",2.7
"456",0.383759733036707,"img-1408.png",1.28571428571429
"457",0.4625,"img-1409.png",1.55555555555556
"458",0.362012987012987,"img-141.png",5.2
"459",0.334150326797386,"img-1410.png",4.45454545454545
"460",0.459627329192547,"img-1411.png",2
"461",0.395652173913043,"img-1412.png",22
"462",0.369458128078818,"img-1413.png",27
"463",0.378787878787879,"img-1414.png",0.888888888888889
"464",0.374117647058824,"img-1415.png",0.793103448275862
"465",0.117924528301887,"img-1416.png",6
"466",0.125428194993412,"img-1417.png",4.78571428571429
"467",0.425,"img-1418.png",1.33333333333333
"468",0.380434782608696,"img-1419.png",2.1
"469",0.306818181818182,"img-142.png",4.33333333333333
"470",0.385026737967914,"img-1420.png",1.53846153846154
"471",0.411931818181818,"img-1421.png",2
"472",0.395555555555556,"img-1422.png",0.657894736842105
"473",0.315470171890799,"img-1423.png",2.93333333333333
"474",0.33806146572104,"img-1424.png",1.18421052631579
"475",0.381481481481481,"img-1425.png",2.66666666666667
"476",0.450980392156863,"img-1426.png",2.5
"477",0.326357466063348,"img-1427.png",3.84615384615385
"478",0.41025641025641,"img-1428.png",1.625
"479",0.379928315412186,"img-1429.png",4.14285714285714
"480",0.414285714285714,"img-143.png",6
"481",0.388888888888889,"img-1430.png",1.19047619047619
"482",0.485998193315267,"img-1431.png",0.757575757575758
"483",0.297399527186761,"img-1432.png",1.22857142857143
"484",0.418019480519481,"img-1433.png",1.08333333333333
"485",0.143207282913165,"img-1434.png",8.25
"486",0.328703703703704,"img-1435.png",1.78571428571429
"487",0.330109606705351,"img-1436.png",2.36842105263158
"488",0.44375,"img-1437.png",14
"489",0.379385964912281,"img-1438.png",1.57142857142857
"490",0.415954415954416,"img-1439.png",5
"491",0.4675,"img-144.png",4.5
"492",0.404558404558405,"img-1440.png",1.31578947368421
"493",0.347985347985348,"img-1441.png",2.18181818181818
"494",0.376262626262626,"img-1442.png",4
"495",0.3710407239819,"img-1443.png",2.18181818181818
"496",0.384615384615385,"img-1444.png",3
"497",0.369727047146402,"img-1445.png",1.03571428571429
"498",0.387096774193548,"img-1446.png",1
"499",0.415178571428571,"img-1447.png",2.36363636363636
"500",0.45748987854251,"img-1448.png",5.5
"501",0.428571428571429,"img-1449.png",6
"502",0.389952153110048,"img-145.png",Inf
"503",0.411764705882353,"img-1450.png",3.625
"504",0.420955882352941,"img-1451.png",5.33333333333333
"505",0.400673400673401,"img-1452.png",3.875
"506",0.489473684210526,"img-1453.png",2.8
"507",0.470689655172414,"img-1454.png",3
"508",0.481034482758621,"img-1455.png",2.7
"509",0.459165154264973,"img-1456.png",2.45454545454545
"510",0.380919698009609,"img-1457.png",0.763157894736842
"511",0.398385913426266,"img-1458.png",0.710526315789474
"512",0.456293706293706,"img-1459.png",2
"513",0.435406698564593,"img-146.png",5.66666666666667
"514",0.252264492753623,"img-1460.png",1.21052631578947
"515",0.3125,"img-1461.png",11.5
"516",0.199677938808374,"img-1462.png",8.375
"517",0.186843559977888,"img-1463.png",8.125
"518",0.4727969348659,"img-1464.png",2.45454545454545
"519",0.475421863536317,"img-1465.png",2.25
"520",0.477777777777778,"img-1466.png",0.933333333333333
"521",0.439153439153439,"img-1467.png",2.08333333333333
"522",0.357671957671958,"img-1468.png",3.125
"523",0.38981288981289,"img-1469.png",2
"524",0.22714552238806,"img-147.png",3.25
"525",0.382010582010582,"img-1470.png",3.57142857142857
"526",0.377136752136752,"img-1471.png",2.18181818181818
"527",0.406406406406406,"img-1472.png",2.27272727272727
"528",0.487771739130435,"img-1473.png",2.72727272727273
"529",0.528925619834711,"img-1474.png",2.58333333333333
"530",0.340919867235657,"img-1475.png",9.16666666666667
"531",0.538461538461538,"img-1476.png",2.2
"532",0.521428571428571,"img-1477.png",2
"533",0.402930402930403,"img-1478.png",8
"534",0.379120879120879,"img-1479.png",24
"535",0.489533011272142,"img-148.png",3
"536",0.379370629370629,"img-1480.png",12
"537",0.442396313364055,"img-1481.png",14.5
"538",0.351190476190476,"img-1482.png",2.71428571428571
"539",0.516624040920716,"img-1483.png",2.1
"540",0.426767676767677,"img-1484.png",5
"541",0.449131513647643,"img-1485.png",29
"542",0.455334987593052,"img-1486.png",4.83333333333333
"543",0.292413793103448,"img-1487.png",23
"544",0.26309067688378,"img-1488.png",8.33333333333333
"545",0.267142857142857,"img-1489.png",11.5
"546",0.415512465373961,"img-149.png",1.7
"547",0.535353535353535,"img-1490.png",4
"548",0.393048128342246,"img-1491.png",3.2
"549",0.385026737967914,"img-1492.png",3.2
"550",0.366304347826087,"img-1493.png",8.8
"551",0.484126984126984,"img-1494.png",3
"552",0.44421052631579,"img-1495.png",7.66666666666667
"553",0.335561497326203,"img-1496.png",24.5
"554",0.5625,"img-1497.png",2
"555",0.380952380952381,"img-1498.png",2.88888888888889
"556",0.368606701940035,"img-1499.png",2.77777777777778
"557",0.354901960784314,"img-15.png",2.26315789473684
"558",0.552910052910053,"img-150.png",2.375
"559",0.335664335664336,"img-1500.png",2.66666666666667
"560",0.396381578947368,"img-1501.png",7.5
"561",0.497751124437781,"img-1502.png",1.92857142857143
"562",0.365728900255754,"img-1503.png",1.90909090909091
"563",0.506393861892583,"img-1504.png",10.5
"564",0.345268542199488,"img-1505.png",1.90909090909091
"565",0.419507575757576,"img-1506.png",3.75
"566",0.363377609108159,"img-1507.png",3.625
"567",0.404174573055028,"img-1508.png",0.935483870967742
"568",0.428571428571429,"img-1509.png",0.857142857142857
"569",0.135026737967914,"img-151.png",6
"570",0.170471841704718,"img-1510.png",2.62962962962963
"571",0.515789473684211,"img-1511.png",2.125
"572",0.408432147562582,"img-1512.png",2.38461538461538
"573",0.316969696969697,"img-1513.png",4.8
"574",0.147058823529412,"img-1514.png",5.5
"575",0.331932773109244,"img-1515.png",Inf
"576",0.510835913312694,"img-1516.png",1.54545454545455
"577",0.445820433436532,"img-1517.png",1.88888888888889
"578",0.483660130718954,"img-1518.png",1.45454545454545
"579",0.507936507936508,"img-1519.png",3
"580",0.335858585858586,"img-152.png",6.66666666666667
"581",0.303854875283447,"img-1520.png",9.4
"582",0.482758620689655,"img-1521.png",2.7
"583",0.372208436724566,"img-1522.png",3.33333333333333
"584",0.205029013539652,"img-1523.png",9
"585",0.438235294117647,"img-1524.png",32
"586",0.328385899814471,"img-1525.png",4.7
"587",0.296582849774339,"img-1526.png",22.5
"588",0.462121212121212,"img-1527.png",4.42857142857143
"589",0.387878787878788,"img-1528.png",31
"590",0.5,"img-1529.png",2
"591",0.354066985645933,"img-153.png",6.66666666666667
"592",0.414187643020595,"img-1530.png",Inf
"593",0.312356979405034,"img-1531.png",14.6666666666667
"594",0.33,"img-1532.png",8.6
"595",0.368888888888889,"img-1533.png",Inf
"596",0.366132723112128,"img-1534.png",11
"597",0.320366132723112,"img-1535.png",Inf
"598",0.35,"img-1536.png",14.6666666666667
"599",0.341520467836257,"img-1537.png",43
"600",0.348970251716247,"img-1538.png",14.6666666666667
"601",0.345652173913043,"img-1539.png",8.8
"602",0.335978835978836,"img-154.png",3.16666666666667
"603",0.357894736842105,"img-1540.png",8.6
"604",0.363844393592677,"img-1541.png",14.6666666666667
"605",0.337528604118993,"img-1542.png",44
"606",0.233733733733734,"img-1543.png",12
"607",0.547916666666667,"img-1544.png",1.83333333333333
"608",0.454545454545455,"img-1545.png",6.66666666666667
"609",0.323689727463312,"img-1546.png",17
"610",0.31656383483626,"img-1547.png",23.5
"611",0.283723245395719,"img-1548.png",Inf
"612",0.381118881118881,"img-1549.png",6
"613",0.423529411764706,"img-155.png",3
"614",0.141869398207426,"img-1550.png",5.30769230769231
"615",0.391071428571429,"img-1551.png",1.875
"616",0.391666666666667,"img-1552.png",0.875
"617",0.33822091886608,"img-1553.png",2.23076923076923
"618",0.299120234604106,"img-1554.png",2.9
"619",0.312805474095797,"img-1555.png",2.07142857142857
"620",0.439903846153846,"img-1556.png",7.5
"621",0.411330049261084,"img-1557.png",1.03846153846154
"622",0.475507765830346,"img-1558.png",1.20833333333333
"623",0.371565113500597,"img-1559.png",14.5
"624",0.375,"img-156.png",2.66666666666667
"625",0.4484375,"img-1560.png",3.75
"626",0.436666666666667,"img-1561.png",2.54545454545455
"627",0.523809523809524,"img-1562.png",3.55555555555556
"628",0.496666666666667,"img-1563.png",1.27777777777778
"629",0.505247376311844,"img-1564.png",2.25
"630",0.360968451944241,"img-1565.png",4.09090909090909
"631",0.336023477622891,"img-1566.png",4.09090909090909
"632",0.385532591414944,"img-1567.png",0.941176470588235
"633",0.548309178743961,"img-1568.png",1.61538461538462
"634",0.442687747035573,"img-1569.png",2.38461538461538
"635",0.373333333333333,"img-157.png",3.6
"636",0.38,"img-1570.png",28
"637",0.384751773049645,"img-1571.png",6.42857142857143
"638",0.371304347826087,"img-1572.png",3.66666666666667
"639",0.483082706766917,"img-1573.png",2.36363636363636
"640",0.458571428571429,"img-1574.png",2.75
"641",0.396604938271605,"img-1575.png",1.47058823529412
"642",0.377777777777778,"img-1576.png",8.6
"643",0.448512585812357,"img-1577.png",10.5
"644",0.460648148148148,"img-1578.png",11
"645",0.496,"img-1579.png",4.6
"646",0.350378787878788,"img-158.png",1.5
"647",0.464615384615385,"img-1580.png",3.83333333333333
"648",0.46,"img-1581.png",3.83333333333333
"649",0.451303155006859,"img-1582.png",1.04166666666667
"650",0.127627627627628,"img-1583.png",6
"651",0.360869565217391,"img-1584.png",3.11111111111111
"652",0.467105263157895,"img-1585.png",1.69230769230769
"653",0.228,"img-1586.png",6
"654",0.427035330261137,"img-1587.png",1
"655",0.350446428571429,"img-1588.png",5.75
"656",0.409090909090909,"img-1589.png",4
"657",0.327651515151515,"img-159.png",1.42857142857143
"658",0.525252525252525,"img-1590.png",0.909090909090909
"659",0.533670033670034,"img-1591.png",1.42857142857143
"660",0.507246376811594,"img-1592.png",1.05
"661",0.283950617283951,"img-1593.png",4.77777777777778
"662",0.526570048309179,"img-1594.png",1
"663",0.587761674718196,"img-1595.png",1
"664",0.476650563607085,"img-1596.png",0.954545454545455
"665",0.509259259259259,"img-1597.png",1.69230769230769
"666",0.494363929146538,"img-1598.png",1
"667",0.480769230769231,"img-1599.png",1.05263157894737
"668",0.340993788819876,"img-16.png",2.44444444444444
"669",0.341733870967742,"img-160.png",1.70588235294118
"670",0.563636363636364,"img-1600.png",5
"671",0.534782608695652,"img-1601.png",10.5
"672",0.666666666666667,"img-1602.png",5
"673",0.557239057239057,"img-1603.png",0.909090909090909
"674",0.412587412587413,"img-1604.png",10
"675",0.608333333333333,"img-1605.png",7.33333333333333
"676",0.238667900092507,"img-1606.png",6.42857142857143
"677",0.228492136910268,"img-1607.png",7.5
"678",0.578703703703704,"img-1608.png",2.75
"679",0.53125,"img-1609.png",1.04761904761905
"680",0.353219696969697,"img-161.png",1.76470588235294
"681",0.2275,"img-1610.png",9.2
"682",0.662857142857143,"img-1611.png",11
"683",0.467236467236467,"img-1612.png",8.33333333333333
"684",0.414201183431953,"img-1613.png",6
"685",0.424501424501425,"img-1614.png",5
"686",0.481481481481481,"img-1615.png",6.25
"687",0.435960591133005,"img-1616.png",6.75
"688",0.508241758241758,"img-1617.png",6.5
"689",0.494117647058824,"img-1618.png",5
"690",0.476470588235294,"img-1619.png",3
"691",0.334914611005693,"img-162.png",0.935483870967742
"692",0.434782608695652,"img-1620.png",3.5
"693",0.553571428571429,"img-1621.png",0.333333333333333
"694",0.4875,"img-1622.png",0.352941176470588
"695",0.4625,"img-1623.png",0.352941176470588
"696",0.364982578397213,"img-1624.png",1.18181818181818
"697",0.322537710736468,"img-1625.png",7.33333333333333
"698",0.298768939393939,"img-1626.png",2.33333333333333
"699",0.430555555555556,"img-1627.png",22
"700",0.417112299465241,"img-1628.png",10
"701",0.403409090909091,"img-1629.png",12.6666666666667
"702",0.316017316017316,"img-163.png",1.63157894736842
"703",0.192708333333333,"img-1630.png",11.5
"704",0.219618055555556,"img-1631.png",11.5
"705",0.196808510638298,"img-1632.png",11.25
"706",0.439909297052154,"img-1633.png",9.5
"707",0.41875,"img-1634.png",15
"708",0.442222222222222,"img-1635.png",23
"709",0.424242424242424,"img-1636.png",4
"710",0.463768115942029,"img-1637.png",1.90909090909091
"711",0.490338164251208,"img-1638.png",1.90909090909091
"712",0.51010101010101,"img-1639.png",1.81818181818182
"713",0.323958333333333,"img-164.png",1.27272727272727
"714",0.513586956521739,"img-1640.png",2.1
"715",0.46524064171123,"img-1641.png",2
"716",0.5,"img-1642.png",2
"717",0.494652406417112,"img-1643.png",1.81818181818182
"718",0.567460317460317,"img-1644.png",7.33333333333333
"719",0.43047619047619,"img-1645.png",1.35294117647059
"720",0.320496894409938,"img-1646.png",8.25
"721",0.420626895854398,"img-1647.png",5.125
"722",0.428571428571429,"img-1648.png",8.66666666666667
"723",0.442307692307692,"img-1649.png",6.5
"724",0.447619047619048,"img-165.png",14
"725",0.43956043956044,"img-1650.png",13
"726",0.486263736263736,"img-1651.png",8
"727",0.486263736263736,"img-1652.png",6
"728",0.401098901098901,"img-1653.png",26
"729",0.42032967032967,"img-1654.png",8.66666666666667
"730",0.451428571428571,"img-1655.png",5.75
"731",0.431318681318681,"img-1656.png",6
"732",0.415954415954416,"img-1657.png",12.5
"733",0.404761904761905,"img-1658.png",12.5
"734",0.407407407407407,"img-1659.png",12.5
"735",0.413793103448276,"img-166.png",9
"736",0.425925925925926,"img-1660.png",12.5
"737",0.39031339031339,"img-1661.png",8.33333333333333
"738",0.469444444444444,"img-1662.png",3.66666666666667
"739",0.504702194357367,"img-1663.png",13.5
"740",0.496753246753247,"img-1664.png",13
"741",0.507836990595611,"img-1665.png",13.5
"742",0.475308641975309,"img-1666.png",12.5
"743",0.527586206896552,"img-1667.png",27
"744",0.516025641025641,"img-1668.png",5.5
"745",0.513846153846154,"img-1669.png",5.75
"746",0.252710027100271,"img-167.png",4.33333333333333
"747",0.487654320987654,"img-1670.png",6.25
"748",0.482142857142857,"img-1671.png",4.4
"749",0.462962962962963,"img-1672.png",12.5
"750",0.509615384615385,"img-1673.png",5.5
"751",0.512987012987013,"img-1674.png",8.66666666666667
"752",0.512820512820513,"img-1675.png",4.4
"753",0.509615384615385,"img-1676.png",3.66666666666667
"754",0.457912457912458,"img-1677.png",25
"755",0.509615384615385,"img-1678.png",3.66666666666667
"756",0.528735632183908,"img-1679.png",9
"757",0.413636363636364,"img-168.png",Inf
"758",0.486772486772487,"img-1680.png",6.25
"759",0.396551724137931,"img-1681.png",13.5
"760",0.418390804597701,"img-1682.png",13.5
"761",0.397959183673469,"img-1683.png",13
"762",0.395408163265306,"img-1684.png",13
"763",0.408163265306122,"img-1685.png",13
"764",0.425925925925926,"img-1686.png",8.33333333333333
"765",0.418367346938776,"img-1687.png",13
"766",0.399014778325123,"img-1688.png",13.5
"767",0.570048309178744,"img-1689.png",10.5
"768",0.406162464985994,"img-169.png",1.9
"769",0.419480519480519,"img-1690.png",3
"770",0.377551020408163,"img-1691.png",7.83333333333333
"771",0.410714285714286,"img-1692.png",3.16666666666667
"772",0.392857142857143,"img-1693.png",19
"773",0.467836257309941,"img-1694.png",1.54545454545455
"774",0.483375959079284,"img-1695.png",2.66666666666667
"775",0.422368421052632,"img-1696.png",3.6
"776",0.461538461538462,"img-1697.png",23
"777",0.202425876010782,"img-1698.png",6.18181818181818
"778",0.222483046426708,"img-1699.png",8.625
"779",0.347720364741641,"img-17.png",2.5
"780",0.38375350140056,"img-170.png",3.16666666666667
"781",0.186182019977802,"img-1700.png",5.07692307692308
"782",0.177670424047236,"img-1701.png",5.15384615384615
"783",0.445378151260504,"img-1702.png",2.375
"784",0.386904761904762,"img-1703.png",3.75
"785",0.42156862745098,"img-1704.png",2.66666666666667
"786",0.502450980392157,"img-1705.png",22
"787",0.366666666666667,"img-1706.png",18
"788",0.508333333333333,"img-1707.png",1.69230769230769
"789",0.380952380952381,"img-1708.png",1.9
"790",0.569565217391304,"img-1709.png",0.84
"791",0.371657754010695,"img-171.png",2.5
"792",0.396514161220044,"img-1710.png",1.77777777777778
"793",0.444444444444444,"img-1711.png",1.66666666666667
"794",0.488038277511962,"img-1712.png",1.81818181818182
"795",0.373464373464373,"img-1713.png",1.47619047619048
"796",0.555555555555556,"img-1714.png",11
"797",0.514705882352941,"img-1715.png",1.5
"798",0.397058823529412,"img-1716.png",3
"799",0.334365325077399,"img-1717.png",2.125
"800",0.382352941176471,"img-1718.png",3.6
"801",0.390092879256966,"img-1719.png",1.7
"802",0.329411764705882,"img-172.png",1.8
"803",0.426497277676951,"img-1720.png",9
"804",0.215579710144928,"img-1721.png",6.57142857142857
"805",0.446859903381642,"img-1722.png",1.75
"806",0.458689458689459,"img-1723.png",4.16666666666667
"807",0.435897435897436,"img-1724.png",5
"808",0.450549450549451,"img-1725.png",5.2
"809",0.461538461538462,"img-1726.png",6.5
"810",0.408199643493761,"img-1727.png",3.1
"811",0.433155080213904,"img-1728.png",3.875
"812",0.329192546583851,"img-1729.png",1.58333333333333
"813",0.378516624040921,"img-173.png",3
"814",0.468181818181818,"img-1730.png",1.53846153846154
"815",0.468406593406593,"img-1731.png",2.16666666666667
"816",0.223529411764706,"img-1732.png",8.16666666666667
"817",0.451515151515152,"img-1733.png",Inf
"818",0.310606060606061,"img-1734.png",1.66666666666667
"819",0.378787878787879,"img-1735.png",1.53846153846154
"820",0.371352785145889,"img-1736.png",3
"821",0.473846153846154,"img-1737.png",4.6
"822",0.361111111111111,"img-1738.png",5.5
"823",0.564285714285714,"img-1739.png",1.72727272727273
"824",0.439897698209719,"img-174.png",2.33333333333333
"825",0.43984962406015,"img-1740.png",18
"826",0.266511627906977,"img-1741.png",3.69230769230769
"827",0.418803418803419,"img-1742.png",Inf
"828",0.495274102079395,"img-1743.png",1.4
"829",0.442307692307692,"img-1744.png",12
"830",0.4775,"img-1745.png",1.63636363636364
"831",0.541666666666667,"img-1746.png",3.14285714285714
"832",0.441707717569787,"img-1747.png",27
"833",0.470588235294118,"img-1748.png",8
"834",0.397569444444444,"img-1749.png",10
"835",0.336111111111111,"img-175.png",2
"836",0.397058823529412,"img-1750.png",30
"837",0.542857142857143,"img-1751.png",5.6
"838",0.512315270935961,"img-1752.png",4.5
"839",0.459459459459459,"img-1753.png",3.18181818181818
"840",0.408284023668639,"img-1754.png",2.66666666666667
"841",0.46218487394958,"img-1755.png",3.55555555555556
"842",0.491048593350384,"img-1756.png",7
"843",0.478571428571429,"img-1757.png",13
"844",0.48,"img-1758.png",2
"845",0.408488063660477,"img-1759.png",9
"846",0.42,"img-176.png",9
"847",0.438666666666667,"img-1760.png",2
"848",0.528925619834711,"img-1761.png",7.75
"849",0.448863636363636,"img-1762.png",6.66666666666667
"850",0.53125,"img-1763.png",1.6
"851",0.349702380952381,"img-1764.png",7.66666666666667
"852",0.591111111111111,"img-1765.png",1.3
"853",0.341384863123994,"img-1766.png",Inf
"854",0.325454545454545,"img-1767.png",5.75
"855",0.35304347826087,"img-1768.png",5.75
"856",0.391705069124424,"img-1769.png",29
"857",0.418546365914787,"img-177.png",9.5
"858",0.374727668845316,"img-1770.png",2.77777777777778
"859",0.438034188034188,"img-1771.png",2
"860",0.427067669172932,"img-1772.png",11
"861",0.372058823529412,"img-1773.png",8
"862",0.379196840026333,"img-1774.png",3.13333333333333
"863",0.38984214138641,"img-1775.png",3
"864",0.248772504091653,"img-1776.png",4.5
"865",0.402325581395349,"img-1777.png",14
"866",0.242788461538462,"img-1778.png",23
"867",0.46375,"img-1779.png",2.14285714285714
"868",0.352272727272727,"img-178.png",3.33333333333333
"869",0.525,"img-1780.png",2.54545454545455
"870",0.473060344827586,"img-1781.png",3
"871",0.417410714285714,"img-1782.png",2.6
"872",0.367857142857143,"img-1783.png",6.5
"873",0.467532467532468,"img-1784.png",10
"874",0.465116279069767,"img-1785.png",20.5
"875",0.476190476190476,"img-1786.png",19
"876",0.388461538461538,"img-1787.png",2.25
"877",0.41875,"img-1788.png",7.5
"878",0.213675213675214,"img-1789.png",3.11111111111111
"879",0.295900178253119,"img-179.png",15.5
"880",0.43491124260355,"img-1790.png",1.33333333333333
"881",0.389285714285714,"img-1791.png",30
"882",0.342329545454545,"img-1792.png",2.09090909090909
"883",0.305397727272727,"img-1793.png",1.64285714285714
"884",0.274709302325581,"img-1794.png",1.76923076923077
"885",0.305232558139535,"img-1795.png",1.7037037037037
"886",0.394830659536542,"img-1796.png",2.45
"887",0.411255411255411,"img-1797.png",6.33333333333333
"888",0.235785953177258,"img-1798.png",3.66666666666667
"889",0.288510638297872,"img-1799.png",6.42857142857143
"890",0.330413016270338,"img-18.png",2.64705882352941
"891",0.342245989304813,"img-180.png",31
"892",0.198996655518395,"img-1800.png",4.4
"893",0.398826979472141,"img-1801.png",3.22222222222222
"894",0.365079365079365,"img-1802.png",13
"895",0.426731078904992,"img-1803.png",3.125
"896",0.426666666666667,"img-1804.png",1.47058823529412
"897",0.403571428571429,"img-1805.png",0.75
"898",0.47448275862069,"img-1806.png",1.92857142857143
"899",0.44179523141655,"img-1807.png",5.8
"900",0.400826446280992,"img-1808.png",1.75
"901",0.344907407407407,"img-1809.png",6.57142857142857
"902",0.372222222222222,"img-181.png",8
"903",0.313271604938272,"img-1810.png",6.25
"904",0.357142857142857,"img-1811.png",1.85714285714286
"905",0.381987577639752,"img-1812.png",2
"906",0.309230769230769,"img-1813.png",1.5
"907",0.319875776397516,"img-1814.png",2.31578947368421
"908",0.384944920440636,"img-1815.png",2.73333333333333
"909",0.262127659574468,"img-1816.png",5
"910",0.265531914893617,"img-1817.png",11.25
"911",0.269230769230769,"img-1818.png",5.625
"912",0.317375886524823,"img-1819.png",4.5
"913",0.395,"img-182.png",9
"914",0.299509001636661,"img-1820.png",5.625
"915",0.237315875613748,"img-1821.png",11.25
"916",0.410699588477366,"img-1822.png",0.735294117647059
"917",0.399686520376176,"img-1823.png",2.25
"918",0.426948051948052,"img-1824.png",0.742857142857143
"919",0.336182336182336,"img-1825.png",0.96
"920",0.460905349794239,"img-1826.png",1
"921",0.411111111111111,"img-1827.png",2.33333333333333
"922",0.218055555555556,"img-1828.png",6.2
"923",0.35016835016835,"img-1829.png",1.78571428571429
"924",0.421579532814238,"img-183.png",3.22222222222222
"925",0.369047619047619,"img-1830.png",3.25
"926",0.521367521367521,"img-1831.png",5.5
"927",0.3,"img-1832.png",0.684210526315789
"928",0.282476024411508,"img-1833.png",1.59090909090909
"929",0.276947285601888,"img-1834.png",1.95
"930",0.37487684729064,"img-1835.png",0.46551724137931
"931",0.41507024265645,"img-1836.png",2.27272727272727
"932",0.375177304964539,"img-1837.png",3.5
"933",0.297249334516415,"img-1838.png",11.75
"934",0.332446808510638,"img-1839.png",45
"935",0.279411764705882,"img-184.png",16
"936",0.373897707231041,"img-1840.png",6.25
"937",0.301587301587302,"img-1841.png",9.33333333333333
"938",0.421630094043887,"img-1842.png",4.5
"939",0.380952380952381,"img-1843.png",9.33333333333333
"940",0.314578005115089,"img-1844.png",7
"941",0.355,"img-1845.png",6.33333333333333
"942",0.255144032921811,"img-1846.png",2.04761904761905
"943",0.398902821316614,"img-1847.png",2.07692307692308
"944",0.501543209876543,"img-1848.png",1.5625
"945",0.478571428571429,"img-1849.png",2.16666666666667
"946",0.27843137254902,"img-185.png",Inf
"947",0.465020576131687,"img-1850.png",1.47058823529412
"948",0.430666666666667,"img-1851.png",2.33333333333333
"949",0.365151515151515,"img-1852.png",1.63636363636364
"950",0.375,"img-1853.png",6
"951",0.412660256410256,"img-1854.png",1
"952",0.413060582218725,"img-1855.png",0.935483870967742
"953",0.42486231313926,"img-1856.png",0.966666666666667
"954",0.476761619190405,"img-1857.png",3.375
"955",0.476190476190476,"img-1858.png",14.3333333333333
"956",0.437209302325581,"img-1859.png",6.83333333333333
"957",0.310714285714286,"img-186.png",16.5
"958",0.491472868217054,"img-1860.png",8.2
"959",0.481481481481481,"img-1861.png",1.13636363636364
"960",0.416666666666667,"img-1862.png",1.47058823529412
"961",0.352150537634409,"img-1863.png",2.70588235294118
"962",0.409274193548387,"img-1864.png",3.28571428571429
"963",0.326808510638298,"img-1865.png",6.42857142857143
"964",0.33531914893617,"img-1866.png",4.09090909090909
"965",0.333333333333333,"img-1867.png",6.14285714285714
"966",0.241847826086957,"img-1868.png",44
"967",0.37448275862069,"img-1869.png",27
"968",0.25668449197861,"img-187.png",10.3333333333333
"969",0.380952380952381,"img-1870.png",3
"970",0.4,"img-1871.png",Inf
"971",0.371428571428571,"img-1872.png",Inf
"972",0.305747126436782,"img-1873.png",2.52941176470588
"973",0.421695402298851,"img-1874.png",2.07692307692308
"974",0.482558139534884,"img-1875.png",20.5
"975",0.478682170542636,"img-1876.png",20.5
"976",0.42,"img-1877.png",2.54545454545455
"977",0.342028985507246,"img-1878.png",22
"978",0.312056737588652,"img-1879.png",2.04545454545455
"979",0.450666666666667,"img-188.png",3.83333333333333
"980",0.449275362318841,"img-1880.png",1.5625
"981",0.362301101591187,"img-1881.png",2.92857142857143
"982",0.369047619047619,"img-1882.png",8
"983",0.468023255813953,"img-1883.png",10.25
"984",0.471317829457364,"img-1884.png",10.25
"985",0.253076923076923,"img-1885.png",8
"986",0.235382308845577,"img-1886.png",6.28571428571429
"987",0.496503496503497,"img-1887.png",1.5
"988",0.628787878787879,"img-1888.png",2
"989",0.601398601398601,"img-1889.png",2.75
"990",0.330143540669856,"img-189.png",2.22222222222222
"991",0.484848484848485,"img-1890.png",2
"992",0.380952380952381,"img-1891.png",Inf
"993",0.349206349206349,"img-1892.png",Inf
"994",0.46031746031746,"img-1893.png",Inf
"995",0.535714285714286,"img-1894.png",2.5
"996",0.544642857142857,"img-1895.png",1.66666666666667
"997",0.515625,"img-1896.png",3
"998",0.653061224489796,"img-1897.png",1.25
"999",0.363636363636364,"img-1898.png",Inf
"1000",0.522222222222222,"img-1899.png",2.66666666666667
"1001",0.364741641337386,"img-19.png",2.25
"1002",0.37593984962406,"img-190.png",1.72727272727273
"1003",0.511363636363636,"img-1900.png",1.5
"1004",0.522222222222222,"img-1901.png",2.66666666666667
"1005",0.44047619047619,"img-1902.png",1.25
"1006",0.533333333333333,"img-1903.png",4
"1007",0.564814814814815,"img-1904.png",2.5
"1008",0.563636363636364,"img-1905.png",1.6
"1009",0.574074074074074,"img-1906.png",1
"1010",0.592592592592593,"img-1907.png",1
"1011",0.575757575757576,"img-1908.png",1.16666666666667
"1012",0.581818181818182,"img-1909.png",2
"1013",0.461988304093567,"img-191.png",8.5
"1014",0.611111111111111,"img-1910.png",2.5
"1015",0.509090909090909,"img-1911.png",1.8
"1016",0.54,"img-1912.png",1.6
"1017",0.583333333333333,"img-1913.png",5
"1018",0.535353535353535,"img-1914.png",3
"1019",0.604938271604938,"img-1915.png",1.75
"1020",0.555555555555556,"img-1916.png",2
"1021",0.56043956043956,"img-1917.png",2
"1022",0.523809523809524,"img-1918.png",5
"1023",0.489583333333333,"img-1919.png",6
"1024",0.468421052631579,"img-192.png",8.5
"1025",0.425925925925926,"img-1920.png",0.8
"1026",0.535714285714286,"img-1921.png",2
"1027",0.515625,"img-1922.png",1.5
"1028",0.5,"img-1923.png",1.5
"1029",0.546875,"img-1924.png",Inf
"1030",0.598484848484849,"img-1925.png",1.5
"1031",0.545454545454545,"img-1926.png",1.125
"1032",0.5,"img-1927.png",1.8
"1033",0.454545454545455,"img-1928.png",2
"1034",0.445454545454545,"img-1929.png",1.8
"1035",0.502923976608187,"img-193.png",8.5
"1036",0.380952380952381,"img-1930.png",1.66666666666667
"1037",0.53968253968254,"img-1931.png",0.454545454545455
"1038",0.540816326530612,"img-1932.png",0.555555555555556
"1039",0.6,"img-1933.png",2.66666666666667
"1040",0.5,"img-1934.png",1.66666666666667
"1041",0.532544378698225,"img-1935.png",1.83333333333333
"1042",0.597222222222222,"img-1936.png",1.66666666666667
"1043",0.358288770053476,"img-1937.png",1.53846153846154
"1044",0.502564102564103,"img-1938.png",4.33333333333333
"1045",0.465638148667602,"img-1939.png",1.38095238095238
"1046",0.435,"img-194.png",9
"1047",0.295062224006423,"img-1940.png",11.25
"1048",0.310086682427108,"img-1941.png",15
"1049",0.310247747747748,"img-1942.png",4.6
"1050",0.328947368421053,"img-1943.png",9.2
"1051",0.353260869565217,"img-1944.png",1.53333333333333
"1052",0.337409420289855,"img-1945.png",1.25714285714286
"1053",0.247159090909091,"img-1946.png",Inf
"1054",0.438571428571429,"img-1947.png",1.73333333333333
"1055",0.413333333333333,"img-1948.png",9.5
"1056",0.348232848232848,"img-1949.png",3.88888888888889
"1057",0.3575,"img-195.png",18
"1058",0.44047619047619,"img-1950.png",1.125
"1059",0.498106060606061,"img-1951.png",1.53846153846154
"1060",0.373846153846154,"img-1952.png",1.84615384615385
"1061",0.456896551724138,"img-1953.png",2.6
"1062",0.396914446002805,"img-1954.png",0.75
"1063",0.479638009049774,"img-1955.png",3
"1064",0.436564223798266,"img-1956.png",0.609756097560976
"1065",0.42825361512792,"img-1957.png",6.75
"1066",0.371014492753623,"img-1958.png",10.5
"1067",0.366771159874608,"img-1959.png",0.8
"1068",0.432748538011696,"img-196.png",8.5
"1069",0.370314842578711,"img-1960.png",0.875
"1070",0.54,"img-1961.png",5.75
"1071",0.352846832397755,"img-1962.png",1.95238095238095
"1072",0.464285714285714,"img-1963.png",3
"1073",0.43956043956044,"img-1964.png",2.2
"1074",0.413265306122449,"img-1965.png",2.4
"1075",0.472527472527473,"img-1966.png",2.2
"1076",0.488095238095238,"img-1967.png",3
"1077",0.652777777777778,"img-1968.png",2.33333333333333
"1078",0.680555555555556,"img-1969.png",1.2
"1079",0.476190476190476,"img-197.png",18
"1080",0.514285714285714,"img-1970.png",4
"1081",0.666666666666667,"img-1971.png",2.33333333333333
"1082",0.638888888888889,"img-1972.png",1.2
"1083",0.619047619047619,"img-1973.png",1.25
"1084",0.578125,"img-1974.png",2
"1085",0.583333333333333,"img-1975.png",3.5
"1086",0.435897435897436,"img-1976.png",2
"1087",0.402366863905325,"img-1977.png",2.75
"1088",0.525252525252525,"img-1978.png",2.33333333333333
"1089",0.54,"img-1979.png",2
"1090",0.3,"img-198.png",2.57142857142857
"1091",0.614583333333333,"img-1980.png",10
"1092",0.555555555555556,"img-1981.png",4.5
"1093",0.434343434343434,"img-1982.png",3
"1094",0.518518518518518,"img-1983.png",5
"1095",0.535353535353535,"img-1984.png",2.33333333333333
"1096",0.55952380952381,"img-1985.png",5
"1097",0.6,"img-1986.png",1.75
"1098",0.590909090909091,"img-1987.png",2.5
"1099",0.558823529411765,"img-1988.png",2
"1100",0.59375,"img-1989.png",1.5
"1101",0.330555555555556,"img-199.png",3
"1102",0.650793650793651,"img-1990.png",1.75
"1103",0.553030303030303,"img-1991.png",2.5
"1104",0.592857142857143,"img-1992.png",4
"1105",0.538461538461538,"img-1993.png",2.75
"1106",0.553846153846154,"img-1994.png",2.75
"1107",0.492424242424242,"img-1995.png",3.33333333333333
"1108",0.553030303030303,"img-1996.png",1.8
"1109",0.507575757575758,"img-1997.png",2.5
"1110",0.560606060606061,"img-1998.png",2
"1111",0.576923076923077,"img-1999.png",1.14285714285714
"1112",0.284902597402597,"img-2.png",2
"1113",0.319148936170213,"img-20.png",3.46153846153846
"1114",0.356730769230769,"img-200.png",10
"1115",0.475,"img-201.png",18
"1116",0.59453781512605,"img-202.png",8.66666666666667
"1117",0.425837320574163,"img-203.png",Inf
"1118",0.486842105263158,"img-204.png",1.63636363636364
"1119",0.448484848484848,"img-205.png",4
"1120",0.285777777777778,"img-206.png",3
"1121",0.238636363636364,"img-207.png",2.875
"1122",0.444444444444444,"img-208.png",8.5
"1123",0.424242424242424,"img-209.png",5
"1124",0.357142857142857,"img-21.png",2.2
"1125",0.386666666666667,"img-210.png",3
"1126",0.353846153846154,"img-211.png",1.33333333333333
"1127",0.373015873015873,"img-212.png",12.5
"1128",0.417142857142857,"img-213.png",4.6
"1129",0.412894375857339,"img-214.png",6.25
"1130",0.388250319284802,"img-215.png",Inf
"1131",0.387566137566138,"img-216.png",Inf
"1132",0.378033205619413,"img-217.png",27
"1133",0.405835543766578,"img-218.png",27
"1134",0.326947637292465,"img-219.png",Inf
"1135",0.332919254658385,"img-22.png",2.93333333333333
"1136",0.35679012345679,"img-220.png",Inf
"1137",0.374201787994891,"img-221.png",Inf
"1138",0.346560846560847,"img-222.png",25
"1139",0.366255144032922,"img-223.png",Inf
"1140",0.362426035502959,"img-224.png",24
"1141",0.368998628257888,"img-225.png",25
"1142",0.356652949245542,"img-226.png",25
"1143",0.36734693877551,"img-227.png",26
"1144",0.374643874643875,"img-228.png",Inf
"1145",0.37962962962963,"img-229.png",26
"1146",0.362539682539683,"img-23.png",2.15
"1147",0.355820105820106,"img-230.png",26
"1148",0.332010582010582,"img-231.png",26
"1149",0.351851851851852,"img-232.png",Inf
"1150",0.403292181069959,"img-233.png",12.5
"1151",0.37283950617284,"img-234.png",Inf
"1152",0.32010582010582,"img-235.png",Inf
"1153",0.378698224852071,"img-236.png",24
"1154",0.413105413105413,"img-237.png",25
"1155",0.33037037037037,"img-238.png",Inf
"1156",0.329881656804734,"img-239.png",Inf
"1157",0.367080745341615,"img-24.png",2.2
"1158",0.38905325443787,"img-240.png",Inf
"1159",0.374814814814815,"img-241.png",23
"1160",0.34,"img-242.png",23
"1161",0.303254437869822,"img-243.png",Inf
"1162",0.405982905982906,"img-244.png",25
"1163",0.4176,"img-245.png",11.5
"1164",0.477777777777778,"img-246.png",6
"1165",0.244545454545455,"img-247.png",3
"1166",0.25,"img-248.png",4.36363636363636
"1167",0.263257575757576,"img-249.png",31
"1168",0.377018633540373,"img-25.png",2.0952380952381
"1169",0.361111111111111,"img-250.png",1.5
"1170",0.405263157894737,"img-251.png",17
"1171",0.26044226044226,"img-252.png",1.40909090909091
"1172",0.317901234567901,"img-253.png",2.42857142857143
"1173",0.405405405405405,"img-254.png",1.28571428571429
"1174",0.469866071428571,"img-255.png",1.2
"1175",0.418202764976959,"img-256.png",1.31818181818182
"1176",0.391705069124424,"img-257.png",1.16
"1177",0.387426900584795,"img-258.png",1.125
"1178",0.392647058823529,"img-259.png",1.33333333333333
"1179",0.331962397179788,"img-26.png",2.58823529411765
"1180",0.401330376940133,"img-260.png",0.939393939393939
"1181",0.362838915470494,"img-261.png",1.24137931034483
"1182",0.518518518518518,"img-262.png",2.06666666666667
"1183",0.563973063973064,"img-263.png",2.21428571428571
"1184",0.573863636363636,"img-264.png",2.81818181818182
"1185",0.37405303030303,"img-265.png",1.9375
"1186",0.375,"img-266.png",1.63157894736842
"1187",0.342504743833017,"img-267.png",2.66666666666667
"1188",0.367424242424242,"img-268.png",1.66666666666667
"1189",0.304924242424242,"img-269.png",2.58333333333333
"1190",0.336400230017251,"img-27.png",2.5
"1191",0.350806451612903,"img-270.png",2.14285714285714
"1192",0.369146005509642,"img-271.png",1.9375
"1193",0.380672268907563,"img-272.png",1.94117647058824
"1194",0.391868512110727,"img-273.png",1.88235294117647
"1195",0.358455882352941,"img-274.png",1.57894736842105
"1196",0.330882352941176,"img-275.png",1.76470588235294
"1197",0.387394957983193,"img-276.png",1.94117647058824
"1198",0.347058823529412,"img-277.png",2.13333333333333
"1199",0.44668911335578,"img-278.png",1.29166666666667
"1200",0.39484126984127,"img-279.png",1.61904761904762
"1201",0.340425531914894,"img-28.png",2.8125
"1202",0.553571428571429,"img-280.png",2.72727272727273
"1203",0.42,"img-281.png",28
"1204",0.498924731182796,"img-282.png",2.41666666666667
"1205",0.496539792387543,"img-283.png",10.6666666666667
"1206",0.427335640138408,"img-284.png",16
"1207",0.482638888888889,"img-285.png",2
"1208",0.516934046345811,"img-286.png",10.3333333333333
"1209",0.475328947368421,"img-287.png",10
"1210",0.501953125,"img-288.png",6
"1211",0.510416666666667,"img-289.png",15
"1212",0.391391391391391,"img-29.png",0.925925925925926
"1213",0.401918047079337,"img-290.png",3.88888888888889
"1214",0.482828282828283,"img-291.png",2.58333333333333
"1215",0.4875,"img-292.png",2.30769230769231
"1216",0.503225806451613,"img-293.png",2.23076923076923
"1217",0.461647727272727,"img-294.png",2.5
"1218",0.3828125,"img-295.png",1.36363636363636
"1219",0.407366071428571,"img-296.png",1.30434782608696
"1220",0.346189164370983,"img-297.png",2.38461538461538
"1221",0.339572192513369,"img-298.png",2.81818181818182
"1222",0.46384872080089,"img-299.png",1.31818181818182
"1223",0.264751552795031,"img-3.png",2.58823529411765
"1224",0.397397397397397,"img-30.png",0.833333333333333
"1225",0.461624026696329,"img-300.png",1.26086956521739
"1226",0.471635150166852,"img-301.png",1.20833333333333
"1227",0.466594827586207,"img-302.png",3
"1228",0.372222222222222,"img-303.png",4.25
"1229",0.325426944971537,"img-304.png",2.28571428571429
"1230",0.319128787878788,"img-305.png",3
"1231",0.389714285714286,"img-306.png",1.65
"1232",0.498842592592593,"img-307.png",1.25
"1233",0.419753086419753,"img-308.png",1.72222222222222
"1234",0.46875,"img-309.png",1.07142857142857
"1235",0.402402402402402,"img-31.png",0.892857142857143
"1236",0.409375,"img-310.png",2.14285714285714
"1237",0.414583333333333,"img-311.png",1.11111111111111
"1238",0.430740037950664,"img-312.png",1.33333333333333
"1239",0.433062880324544,"img-313.png",1.23076923076923
"1240",0.402217741935484,"img-314.png",1.66666666666667
"1241",0.414151925078044,"img-315.png",1.07407407407407
"1242",0.432291666666667,"img-316.png",1.25
"1243",0.452620967741935,"img-317.png",1.5
"1244",0.401209677419355,"img-318.png",1.30434782608696
"1245",0.401515151515151,"img-319.png",2.21428571428571
"1246",0.397397397397397,"img-32.png",0.862068965517241
"1247",0.546703296703297,"img-320.png",8
"1248",0.438024231127679,"img-321.png",17.5
"1249",0.419354838709677,"img-322.png",9.33333333333333
"1250",0.453571428571429,"img-323.png",4.33333333333333
"1251",0.433179723502304,"img-324.png",6.5
"1252",0.407881773399015,"img-325.png",0.964285714285714
"1253",0.363133640552995,"img-326.png",5.8
"1254",0.388388388388388,"img-327.png",1.78571428571429
"1255",0.375,"img-328.png",2.36363636363636
"1256",0.414814814814815,"img-329.png",2.77777777777778
"1257",0.422422422422422,"img-33.png",0.862068965517241
"1258",0.339506172839506,"img-330.png",0.925925925925926
"1259",0.391975308641975,"img-331.png",2.27272727272727
"1260",0.37037037037037,"img-332.png",2.08333333333333
"1261",0.380252100840336,"img-333.png",2.6
"1262",0.411640211640212,"img-334.png",2.27272727272727
"1263",0.402777777777778,"img-335.png",0.962962962962963
"1264",0.370408163265306,"img-336.png",3.25
"1265",0.398901098901099,"img-337.png",2.18181818181818
"1266",0.35672514619883,"img-338.png",2.77777777777778
"1267",0.436363636363636,"img-339.png",4.66666666666667
"1268",0.363363363363363,"img-34.png",0.892857142857143
"1269",0.456747404844291,"img-340.png",1.66666666666667
"1270",0.441176470588235,"img-341.png",1.77777777777778
"1271",0.461538461538462,"img-342.png",4.8
"1272",0.515384615384615,"img-343.png",3.42857142857143
"1273",0.417948717948718,"img-344.png",6
"1274",0.471794871794872,"img-345.png",4.8
"1275",0.446153846153846,"img-346.png",6
"1276",0.433333333333333,"img-347.png",6
"1277",0.427777777777778,"img-348.png",3.14285714285714
"1278",0.464102564102564,"img-349.png",4.8
"1279",0.426426426426426,"img-35.png",0.862068965517241
"1280",0.45679012345679,"img-350.png",5
"1281",0.415555555555556,"img-351.png",4.66666666666667
"1282",0.406666666666667,"img-352.png",4.66666666666667
"1283",0.391111111111111,"img-353.png",4.66666666666667
"1284",0.418390804597701,"img-354.png",4.5
"1285",0.246753246753247,"img-355.png",3.81818181818182
"1286",0.371175523349436,"img-356.png",3.38461538461538
"1287",0.432098765432099,"img-357.png",2.5
"1288",0.432098765432099,"img-358.png",1.92307692307692
"1289",0.419753086419753,"img-359.png",2.08333333333333
"1290",0.417417417417417,"img-36.png",0.925925925925926
"1291",0.455026455026455,"img-360.png",1.92307692307692
"1292",0.472663139329806,"img-361.png",1.78571428571429
"1293",0.419753086419753,"img-362.png",1.92307692307692
"1294",0.433566433566434,"img-363.png",1.71428571428571
"1295",0.45326278659612,"img-364.png",2.08333333333333
"1296",0.416083916083916,"img-365.png",1.6
"1297",0.422839506172839,"img-366.png",12.5
"1298",0.393491124260355,"img-367.png",2.18181818181818
"1299",0.327507598784195,"img-368.png",Inf
"1300",0.326485693323551,"img-369.png",45
"1301",0.404404404404404,"img-37.png",0.925925925925926
"1302",0.428571428571429,"img-370.png",2.36363636363636
"1303",0.408928571428571,"img-371.png",2.88888888888889
"1304",0.420454545454545,"img-372.png",2.6
"1305",0.448051948051948,"img-373.png",1.85714285714286
"1306",0.441558441558442,"img-374.png",2.6
"1307",0.428571428571429,"img-375.png",2
"1308",0.436688311688312,"img-376.png",2.36363636363636
"1309",0.447811447811448,"img-377.png",1.78571428571429
"1310",0.433441558441558,"img-378.png",2.6
"1311",0.439935064935065,"img-379.png",2.16666666666667
"1312",0.407407407407407,"img-38.png",0.862068965517241
"1313",0.349125364431487,"img-380.png",6.71428571428571
"1314",0.294117647058824,"img-381.png",3.42857142857143
"1315",0.285882352941176,"img-382.png",4.8
"1316",0.32237600922722,"img-383.png",4.45454545454545
"1317",0.301920768307323,"img-384.png",3.35714285714286
"1318",0.290588235294118,"img-385.png",5.33333333333333
"1319",0.297058823529412,"img-386.png",3.69230769230769
"1320",0.260588235294118,"img-387.png",4.8
"1321",0.292892156862745,"img-388.png",3.83333333333333
"1322",0.282352941176471,"img-389.png",5.33333333333333
"1323",0.434156378600823,"img-39.png",0.892857142857143
"1324",0.27,"img-390.png",4.8
"1325",0.28921568627451,"img-391.png",3.53846153846154
"1326",0.300461361014994,"img-392.png",4.9
"1327",0.278285714285714,"img-393.png",4
"1328",0.454887218045113,"img-394.png",2.4
"1329",0.281092012133468,"img-395.png",3.41666666666667
"1330",0.273715415019763,"img-396.png",4.2
"1331",0.23015873015873,"img-397.png",3.33333333333333
"1332",0.273003033367037,"img-398.png",4.1
"1333",0.258893280632411,"img-399.png",4.66666666666667
"1334",0.257305194805195,"img-4.png",2.47058823529412
"1335",0.308641975308642,"img-40.png",0.925925925925926
"1336",0.240647118301314,"img-400.png",5.125
"1337",0.290617848970252,"img-401.png",1.25714285714286
"1338",0.312356979405034,"img-402.png",1.22222222222222
"1339",0.316361556064073,"img-403.png",1.25714285714286
"1340",0.317434210526316,"img-404.png",1.31428571428571
"1341",0.296752519596864,"img-405.png",1.28571428571429
"1342",0.36374269005848,"img-406.png",2.52941176470588
"1343",0.319148936170213,"img-407.png",1.95652173913043
"1344",0.439024390243902,"img-408.png",7.8
"1345",0.381642512077295,"img-409.png",2.27272727272727
"1346",0.385714285714286,"img-41.png",1.04
"1347",0.450885668276973,"img-410.png",1.47058823529412
"1348",0.409017713365539,"img-411.png",1.66666666666667
"1349",0.388083735909823,"img-412.png",1.66666666666667
"1350",0.219001610305958,"img-413.png",4.4
"1351",0.222222222222222,"img-414.png",5.5
"1352",0.224916387959866,"img-415.png",4
"1353",0.217391304347826,"img-416.png",4.4
"1354",0.239935587761675,"img-417.png",4.88888888888889
"1355",0.522167487684729,"img-418.png",2.7
"1356",0.552721088435374,"img-419.png",1.85714285714286
"1357",0.307539682539683,"img-42.png",0.928571428571429
"1358",0.510204081632653,"img-420.png",2.6
"1359",0.304878048780488,"img-421.png",1.47826086956522
"1360",0.304487179487179,"img-422.png",11.3333333333333
"1361",0.430921052631579,"img-423.png",3.4
"1362",0.488888888888889,"img-424.png",12.5
"1363",0.384615384615385,"img-425.png",3.66666666666667
"1364",0.416666666666667,"img-426.png",1.5
"1365",0.395454545454545,"img-427.png",9
"1366",0.328320802005013,"img-428.png",1.30769230769231
"1367",0.407894736842105,"img-429.png",8.5
"1368",0.433127572016461,"img-43.png",0.925925925925926
"1369",0.43213296398892,"img-430.png",8.5
"1370",0.455026455026455,"img-431.png",Inf
"1371",0.436842105263158,"img-432.png",1.54545454545455
"1372",0.438333333333333,"img-433.png",0.9
"1373",0.271484375,"img-434.png",10
"1374",0.401785714285714,"img-435.png",Inf
"1375",0.465811965811966,"img-436.png",4
"1376",0.338248847926267,"img-437.png",4.71428571428571
"1377",0.33625730994152,"img-438.png",1.54545454545455
"1378",0.21326076199901,"img-439.png",2.27777777777778
"1379",0.397397397397397,"img-44.png",0.925925925925926
"1380",0.3125,"img-440.png",7.5
"1381",0.328125,"img-441.png",10
"1382",0.415789473684211,"img-442.png",8.5
"1383",0.375925925925926,"img-443.png",2.57142857142857
"1384",0.282142857142857,"img-444.png",16.5
"1385",0.507936507936508,"img-445.png",1.58333333333333
"1386",0.273787437052743,"img-446.png",47
"1387",0.265044479330194,"img-447.png",2.47368421052632
"1388",0.424347826086957,"img-448.png",1.5
"1389",0.431818181818182,"img-449.png",10
"1390",0.415415415415415,"img-45.png",0.892857142857143
"1391",0.520833333333333,"img-450.png",2.33333333333333
"1392",0.489795918367347,"img-451.png",1.71428571428571
"1393",0.569444444444444,"img-452.png",16
"1394",0.455128205128205,"img-453.png",1.83333333333333
"1395",0.266073871409029,"img-454.png",0.842105263157895
"1396",0.248677248677249,"img-455.png",6.66666666666667
"1397",0.357585139318885,"img-456.png",5.33333333333333
"1398",0.44,"img-457.png",9
"1399",0.457142857142857,"img-458.png",9.5
"1400",0.526315789473684,"img-459.png",4.25
"1401",0.426426426426426,"img-46.png",0.892857142857143
"1402",0.380952380952381,"img-460.png",8.33333333333333
"1403",0.406593406593407,"img-461.png",2.75
"1404",0.283816425120773,"img-462.png",Inf
"1405",0.380952380952381,"img-463.png",6.33333333333333
"1406",0.442028985507246,"img-464.png",1.4
"1407",0.159560723514212,"img-465.png",4.1
"1408",0.401315789473684,"img-466.png",4.25
"1409",0.430555555555556,"img-467.png",3.66666666666667
"1410",0.253136933987998,"img-468.png",0.925
"1411",0.441666666666667,"img-469.png",9
"1412",0.450617283950617,"img-47.png",0.925925925925926
"1413",0.326023391812865,"img-470.png",6.8
"1414",0.393939393939394,"img-471.png",2.22222222222222
"1415",0.378787878787879,"img-472.png",3.33333333333333
"1416",0.232748538011696,"img-473.png",4.77777777777778
"1417",0.177506775067751,"img-474.png",2.78571428571429
"1418",0.454887218045113,"img-475.png",4.25
"1419",0.392982456140351,"img-476.png",3.4
"1420",0.382456140350877,"img-477.png",2.83333333333333
"1421",0.403333333333333,"img-478.png",3.6
"1422",0.424812030075188,"img-479.png",3.4
"1423",0.386243386243386,"img-48.png",25
"1424",0.349206349206349,"img-480.png",19
"1425",0.404891304347826,"img-481.png",4.2
"1426",0.467261904761905,"img-482.png",5.5
"1427",0.421875,"img-483.png",4.4
"1428",0.476608187134503,"img-484.png",1.54545454545455
"1429",0.357142857142857,"img-485.png",4
"1430",0.475524475524476,"img-486.png",3.66666666666667
"1431",0.354938271604938,"img-487.png",Inf
"1432",0.342592592592593,"img-488.png",1.8
"1433",0.409459459459459,"img-489.png",0.9
"1434",0.368945868945869,"img-49.png",1.6
"1435",0.412742382271468,"img-490.png",5.66666666666667
"1436",0.409090909090909,"img-491.png",2.85714285714286
"1437",0.384803921568627,"img-492.png",3.66666666666667
"1438",0.335294117647059,"img-493.png",8
"1439",0.551724137931034,"img-494.png",6.75
"1440",0.497142857142857,"img-495.png",5.75
"1441",0.430622009569378,"img-496.png",Inf
"1442",0.238505747126437,"img-497.png",11.3333333333333
"1443",0.348232848232848,"img-498.png",4.8
"1444",0.4,"img-499.png",6
"1445",0.293189368770764,"img-5.png",2.05
"1446",0.386243386243386,"img-50.png",3.125
"1447",0.427777777777778,"img-500.png",9
"1448",0.358974358974359,"img-501.png",0.777777777777778
"1449",0.275,"img-502.png",1.66666666666667
"1450",0.228855721393035,"img-503.png",3.0952380952381
"1451",0.382575757575758,"img-504.png",4.4
"1452",0.415909090909091,"img-505.png",4
"1453",0.358131487889273,"img-506.png",8
"1454",0.478696741854637,"img-507.png",19
"1455",0.465625,"img-508.png",1.38461538461538
"1456",0.340725806451613,"img-509.png",0.763157894736842
"1457",0.395502645502646,"img-51.png",3.125
"1458",0.403532608695652,"img-510.png",0.833333333333333
"1459",0.526223776223776,"img-511.png",1.71428571428571
"1460",0.513227513227513,"img-512.png",2.08333333333333
"1461",0.265395894428152,"img-513.png",3
"1462",0.329523809523809,"img-514.png",48
"1463",0.324463118580766,"img-515.png",9.8
"1464",0.317209302325581,"img-516.png",24
"1465",0.325106786900807,"img-517.png",47
"1466",0.289036544850498,"img-518.png",47
"1467",0.442307692307692,"img-519.png",3
"1468",0.232558139534884,"img-52.png",2.73333333333333
"1469",0.461988304093567,"img-520.png",3.57142857142857
"1470",0.476190476190476,"img-521.png",3.25
"1471",0.467432950191571,"img-522.png",27
"1472",0.458333333333333,"img-523.png",3.71428571428571
"1473",0.504048582995951,"img-524.png",2
"1474",0.490601503759398,"img-525.png",2.88888888888889
"1475",0.287407407407407,"img-526.png",5.375
"1476",0.293236714975845,"img-527.png",4.4
"1477",0.320772946859903,"img-528.png",1.83333333333333
"1478",0.446315789473684,"img-529.png",2.09090909090909
"1479",0.222002635046113,"img-53.png",5.5
"1480",0.412955465587045,"img-530.png",4.8
"1481",0.406882591093117,"img-531.png",2.4
"1482",0.319230769230769,"img-532.png",3.42857142857143
"1483",0.282142857142857,"img-533.png",0.8
"1484",0.336206896551724,"img-534.png",1.9
"1485",0.344827586206897,"img-535.png",2
"1486",0.388888888888889,"img-536.png",3.66666666666667
"1487",0.435897435897436,"img-537.png",3.66666666666667
"1488",0.399159663865546,"img-538.png",12
"1489",0.316239316239316,"img-539.png",5.5
"1490",0.240766073871409,"img-54.png",3.41666666666667
"1491",0.397058823529412,"img-540.png",2.5
"1492",0.441269841269841,"img-541.png",1
"1493",0.465020576131687,"img-542.png",2.08333333333333
"1494",0.394345238095238,"img-543.png",0.88
"1495",0.394074074074074,"img-544.png",7.66666666666667
"1496",0.385416666666667,"img-545.png",3.2
"1497",0.368055555555556,"img-546.png",2.28571428571429
"1498",0.382352941176471,"img-547.png",1.5
"1499",0.369369369369369,"img-548.png",1
"1500",0.438492063492063,"img-549.png",13.3333333333333
"1501",0.225034199726402,"img-55.png",3.41666666666667
"1502",0.43452380952381,"img-550.png",20
"1503",0.400793650793651,"img-551.png",13.3333333333333
"1504",0.430555555555556,"img-552.png",20
"1505",0.369047619047619,"img-553.png",10
"1506",0.571428571428571,"img-554.png",13.3333333333333
"1507",0.582887700534759,"img-555.png",2.5
"1508",0.558823529411765,"img-556.png",3.75
"1509",0.282051282051282,"img-557.png",8.6
"1510",0.472592592592593,"img-558.png",1.38888888888889
"1511",0.364130434782609,"img-559.png",0.807692307692308
"1512",0.249019607843137,"img-56.png",3.90909090909091
"1513",0.498389694041868,"img-560.png",0.892857142857143
"1514",0.511083743842365,"img-561.png",1.52941176470588
"1515",0.441666666666667,"img-562.png",1.36842105263158
"1516",0.364809782608696,"img-563.png",11
"1517",0.338224504768892,"img-564.png",15
"1518",0.347712418300654,"img-565.png",7.16666666666667
"1519",0.334239130434783,"img-566.png",11
"1520",0.280399274047187,"img-567.png",1.89473684210526
"1521",0.491582491582492,"img-568.png",1.66666666666667
"1522",0.447811447811448,"img-569.png",1.78571428571429
"1523",0.470238095238095,"img-57.png",4.4
"1524",0.429292929292929,"img-570.png",1.78571428571429
"1525",0.409090909090909,"img-571.png",1.78571428571429
"1526",0.427609427609428,"img-572.png",1.66666666666667
"1527",0.474747474747475,"img-573.png",1.78571428571429
"1528",0.230978260869565,"img-574.png",1.15789473684211
"1529",0.33786078098472,"img-575.png",2
"1530",0.300588501584427,"img-576.png",5
"1531",0.428888888888889,"img-577.png",1.4
"1532",0.435344827586207,"img-578.png",13.5
"1533",0.43452380952381,"img-579.png",13
"1534",0.455357142857143,"img-58.png",3.66666666666667
"1535",0.477011494252874,"img-580.png",2.25
"1536",0.443452380952381,"img-581.png",2
"1537",0.461180124223602,"img-582.png",2
"1538",0.4375,"img-583.png",2.16666666666667
"1539",0.373062015503876,"img-584.png",20.5
"1540",0.381720430107527,"img-585.png",0.88
"1541",0.423562412342216,"img-586.png",0.807692307692308
"1542",0.216277890466531,"img-587.png",1.24444444444444
"1543",0.226711271230057,"img-588.png",1.27272727272727
"1544",0.448412698412698,"img-589.png",1.66666666666667
"1545",0.488165680473373,"img-59.png",12
"1546",0.409722222222222,"img-590.png",1.31578947368421
"1547",0.512422360248447,"img-591.png",2.6
"1548",0.447204968944099,"img-592.png",2.88888888888889
"1549",0.506211180124224,"img-593.png",2.16666666666667
"1550",0.486607142857143,"img-594.png",1.85714285714286
"1551",0.363899613899614,"img-595.png",2.6
"1552",0.357142857142857,"img-596.png",3.71428571428571
"1553",0.357357357357357,"img-597.png",0.925925925925926
"1554",0.387860082304527,"img-598.png",0.961538461538462
"1555",0.477954144620811,"img-599.png",1.92307692307692
"1556",0.428385416666667,"img-6.png",23
"1557",0.472049689440994,"img-60.png",3.5
"1558",0.451499118165785,"img-600.png",1.78571428571429
"1559",0.466666666666667,"img-601.png",7
"1560",0.479166666666667,"img-602.png",Inf
"1561",0.327234342012667,"img-603.png",4.7
"1562",0.449074074074074,"img-604.png",0.806451612903226
"1563",0.428571428571429,"img-605.png",0.866666666666667
"1564",0.304938271604938,"img-606.png",43
"1565",0.377314814814815,"img-607.png",5
"1566",0.391812865497076,"img-608.png",1.92307692307692
"1567",0.346666666666667,"img-609.png",1.64285714285714
"1568",0.449404761904762,"img-61.png",3.66666666666667
"1569",0.392914653784219,"img-610.png",2.27272727272727
"1570",0.412189254210104,"img-611.png",0.84375
"1571",0.164383561643836,"img-612.png",1.775
"1572",0.188876850848682,"img-613.png",1.86486486486486
"1573",0.448202959830867,"img-614.png",41
"1574",0.368035190615836,"img-615.png",0.769230769230769
"1575",0.36969696969697,"img-616.png",0.740740740740741
"1576",0.405325443786982,"img-617.png",4.8
"1577",0.432098765432099,"img-618.png",6.25
"1578",0.435185185185185,"img-619.png",6.25
"1579",0.452380952380952,"img-62.png",13
"1580",0.236213991769547,"img-620.png",3.90909090909091
"1581",0.261865793780687,"img-621.png",4.5
"1582",0.438461538461538,"img-622.png",2.66666666666667
"1583",0.174375578168363,"img-623.png",5.625
"1584",0.266882516188714,"img-624.png",5.625
"1585",0.330687830687831,"img-625.png",4.16666666666667
"1586",0.267622461170848,"img-626.png",1.19047619047619
"1587",0.401234567901235,"img-627.png",6.25
"1588",0.413594470046083,"img-628.png",9.66666666666667
"1589",0.382758620689655,"img-629.png",28
"1590",0.503978779840849,"img-63.png",9
"1591",0.531034482758621,"img-630.png",2.25
"1592",0.555862068965517,"img-631.png",1.92857142857143
"1593",0.342494714587738,"img-632.png",2
"1594",0.376811594202899,"img-633.png",3.125
"1595",0.311827956989247,"img-634.png",7.25
"1596",0.325652841781874,"img-635.png",4.14285714285714
"1597",0.371851851851852,"img-636.png",2.77777777777778
"1598",0.29047619047619,"img-637.png",1.95454545454545
"1599",0.291501976284585,"img-638.png",1.91304347826087
"1600",0.465034965034965,"img-639.png",8
"1601",0.491758241758242,"img-64.png",6
"1602",0.416083916083916,"img-640.png",8
"1603",0.541379310344828,"img-641.png",13.5
"1604",0.559440559440559,"img-642.png",6
"1605",0.440559440559441,"img-643.png",6
"1606",0.525252525252525,"img-644.png",8.33333333333333
"1607",0.486013986013986,"img-645.png",6
"1608",0.597902097902098,"img-646.png",6
"1609",0.431111111111111,"img-647.png",4
"1610",0.503496503496504,"img-648.png",8
"1611",0.465725806451613,"img-649.png",2
"1612",0.424691358024691,"img-65.png",8.33333333333333
"1613",0.435416666666667,"img-650.png",5
"1614",0.49025974025974,"img-651.png",6.5
"1615",0.400966183574879,"img-652.png",1.66666666666667
"1616",0.214170692431562,"img-653.png",7.33333333333333
"1617",0.229199372056515,"img-654.png",15.6666666666667
"1618",0.222049689440994,"img-655.png",4
"1619",0.410934744268078,"img-656.png",3.125
"1620",0.425044091710758,"img-657.png",3.125
"1621",0.42962962962963,"img-658.png",3.125
"1622",0.471428571428571,"img-659.png",3.25
"1623",0.389855072463768,"img-66.png",2.75
"1624",0.438461538461538,"img-660.png",2.18181818181818
"1625",0.452107279693487,"img-661.png",2.45454545454545
"1626",0.417582417582418,"img-662.png",2.4
"1627",0.384615384615385,"img-663.png",1.66666666666667
"1628",0.390532544378698,"img-664.png",1.83333333333333
"1629",0.455128205128205,"img-665.png",1.83333333333333
"1630",0.391025641025641,"img-666.png",1.66666666666667
"1631",0.423076923076923,"img-667.png",1.42857142857143
"1632",0.370262390670554,"img-668.png",4.27272727272727
"1633",0.485119047619048,"img-669.png",1.85714285714286
"1634",0.386379928315412,"img-67.png",2.38888888888889
"1635",0.458333333333333,"img-670.png",1.78571428571429
"1636",0.462797619047619,"img-671.png",2
"1637",0.475574712643678,"img-672.png",1.92857142857143
"1638",0.422619047619048,"img-673.png",1.85714285714286
"1639",0.459134615384615,"img-674.png",1.42857142857143
"1640",0.446949602122016,"img-675.png",1.92857142857143
"1641",0.471380471380471,"img-676.png",12.5
"1642",0.505050505050505,"img-677.png",25
"1643",0.457912457912458,"img-678.png",8.33333333333333
"1644",0.46,"img-679.png",5.75
"1645",0.449300699300699,"img-68.png",42
"1646",0.552469135802469,"img-680.png",12.5
"1647",0.402892561983471,"img-681.png",Inf
"1648",0.463002114164905,"img-682.png",20.5
"1649",0.423553719008264,"img-683.png",42
"1650",0.413865546218487,"img-684.png",3.25
"1651",0.477366255144033,"img-685.png",25
"1652",0.461538461538462,"img-686.png",8
"1653",0.358288770053476,"img-687.png",3.75
"1654",0.453333333333333,"img-688.png",1.13636363636364
"1655",0.489010989010989,"img-689.png",6.5
"1656",0.504019789734075,"img-69.png",2.35
"1657",0.430976430976431,"img-690.png",25
"1658",0.468013468013468,"img-691.png",8.33333333333333
"1659",0.477777777777778,"img-692.png",18
"1660",0.405594405594406,"img-693.png",8
"1661",0.396666666666667,"img-694.png",4.6
"1662",0.472527472527473,"img-695.png",2.4
"1663",0.516483516483517,"img-696.png",3
"1664",0.404761904761905,"img-697.png",3.25
"1665",0.508928571428571,"img-698.png",2.8
"1666",0.44,"img-699.png",3.25
"1667",0.370098039215686,"img-7.png",23
"1668",0.374485596707819,"img-70.png",2.04761904761905
"1669",0.54320987654321,"img-700.png",1.4
"1670",0.592592592592593,"img-701.png",1.75
"1671",0.611111111111111,"img-702.png",2.33333333333333
"1672",0.592592592592593,"img-703.png",2.33333333333333
"1673",0.644444444444444,"img-704.png",1.4
"1674",0.544444444444444,"img-705.png",2.66666666666667
"1675",0.622222222222222,"img-706.png",1.75
"1676",0.6,"img-707.png",1.5
"1677",0.579545454545455,"img-708.png",1.2
"1678",0.577777777777778,"img-709.png",2.66666666666667
"1679",0.376081825334382,"img-71.png",7.8
"1680",0.566666666666667,"img-710.png",1.6
"1681",0.611111111111111,"img-711.png",2.66666666666667
"1682",0.611111111111111,"img-712.png",2.66666666666667
"1683",0.5625,"img-713.png",1
"1684",0.549450549450549,"img-714.png",2.4
"1685",0.66,"img-715.png",1.6
"1686",0.633333333333333,"img-716.png",1.14285714285714
"1687",0.611111111111111,"img-717.png",1.6
"1688",0.383720930232558,"img-718.png",20.5
"1689",0.498338870431894,"img-719.png",10.25
"1690",0.374928774928775,"img-72.png",1.79166666666667
"1691",0.369565217391304,"img-720.png",Inf
"1692",0.370843989769821,"img-721.png",2.625
"1693",0.346102150537634,"img-722.png",2.70588235294118
"1694",0.362903225806452,"img-723.png",3.53846153846154
"1695",0.377659574468085,"img-724.png",2.5
"1696",0.424059139784946,"img-725.png",3.06666666666667
"1697",0.467532467532468,"img-726.png",20
"1698",0.482683982683983,"img-727.png",40
"1699",0.45021645021645,"img-728.png",40
"1700",0.461038961038961,"img-729.png",40
"1701",0.409610983981693,"img-73.png",1.69230769230769
"1702",0.344444444444444,"img-730.png",3.33333333333333
"1703",0.388888888888889,"img-731.png",10
"1704",0.328686720469552,"img-732.png",9
"1705",0.335349462365591,"img-733.png",9.2
"1706",0.399267399267399,"img-734.png",0.705882352941177
"1707",0.444761904761905,"img-735.png",0.657142857142857
"1708",0.286512928022362,"img-736.png",6.5
"1709",0.395833333333333,"img-737.png",3.6
"1710",0.432950191570881,"img-738.png",1.08695652173913
"1711",0.416256157635468,"img-739.png",1
"1712",0.269032258064516,"img-74.png",4.8
"1713",0.389527458492976,"img-740.png",1.19047619047619
"1714",0.418901660280971,"img-741.png",6.75
"1715",0.502380952380952,"img-742.png",Inf
"1716",0.426900584795322,"img-743.png",1.33333333333333
"1717",0.359386973180077,"img-744.png",1.95454545454545
"1718",0.353535353535354,"img-745.png",1.90909090909091
"1719",0.323015873015873,"img-746.png",2.26315789473684
"1720",0.393970893970894,"img-747.png",0.827586206896552
"1721",0.437037037037037,"img-748.png",0.925925925925926
"1722",0.411640211640212,"img-749.png",0.961538461538462
"1723",0.313548387096774,"img-75.png",4.36363636363636
"1724",0.44,"img-750.png",4.6
"1725",0.452307692307692,"img-751.png",7.66666666666667
"1726",0.553846153846154,"img-752.png",4.6
"1727",0.388888888888889,"img-753.png",12.5
"1728",0.438725490196078,"img-754.png",1.875
"1729",0.393939393939394,"img-755.png",1.92307692307692
"1730",0.429292929292929,"img-756.png",1.78571428571429
"1731",0.314492753623188,"img-757.png",22
"1732",0.364224137931034,"img-758.png",11.5
"1733",0.305072463768116,"img-759.png",14.6666666666667
"1734",0.305625,"img-76.png",4.8
"1735",0.425,"img-760.png",4.66666666666667
"1736",0.403508771929825,"img-761.png",2.42857142857143
"1737",0.419230769230769,"img-762.png",2.57142857142857
"1738",0.276825396825397,"img-763.png",1.72
"1739",0.335353535353535,"img-764.png",2.6875
"1740",0.332857142857143,"img-765.png",1.52941176470588
"1741",0.328888888888889,"img-766.png",1.47058823529412
"1742",0.299259259259259,"img-767.png",1.47058823529412
"1743",0.341137123745819,"img-768.png",1.5
"1744",0.377551020408163,"img-769.png",2.16666666666667
"1745",0.424682395644283,"img-77.png",0.964285714285714
"1746",0.396258503401361,"img-770.png",2
"1747",0.391156462585034,"img-771.png",2.16666666666667
"1748",0.353741496598639,"img-772.png",2
"1749",0.320512820512821,"img-773.png",1.5
"1750",0.248251748251748,"img-774.png",6
"1751",0.314102564102564,"img-775.png",1.41176470588235
"1752",0.396296296296296,"img-776.png",1.78571428571429
"1753",0.525252525252525,"img-777.png",12.5
"1754",0.515151515151515,"img-778.png",25
"1755",0.328042328042328,"img-779.png",1.5625
"1756",0.420720720720721,"img-78.png",1.03703703703704
"1757",0.421487603305785,"img-780.png",1.8
"1758",0.213968253968254,"img-781.png",2.15
"1759",0.372781065088757,"img-782.png",1.22222222222222
"1760",0.473076923076923,"img-783.png",12
"1761",0.367283950617284,"img-784.png",12.5
"1762",0.475206611570248,"img-785.png",Inf
"1763",0.451219512195122,"img-786.png",9.75
"1764",0.362903225806452,"img-787.png",1
"1765",0.407407407407407,"img-788.png",8.33333333333333
"1766",0.5,"img-789.png",13.5
"1767",0.345735027223231,"img-79.png",1
"1768",0.447802197802198,"img-790.png",13
"1769",0.362126245847176,"img-791.png",13.6666666666667
"1770",0.242128935532234,"img-792.png",3.38461538461538
"1771",0.301052631578947,"img-793.png",1.64285714285714
"1772",0.341052631578947,"img-794.png",2.09090909090909
"1773",0.362666666666667,"img-795.png",2.3
"1774",0.302910052910053,"img-796.png",1.19047619047619
"1775",0.438888888888889,"img-797.png",2.6
"1776",0.5,"img-798.png",2.8
"1777",0.312888198757764,"img-799.png",2.31578947368421
"1778",0.424479166666667,"img-8.png",9.2
"1779",0.481800766283525,"img-80.png",0.964285714285714
"1780",0.333074534161491,"img-800.png",2.31578947368421
"1781",0.341614906832298,"img-801.png",2.44444444444444
"1782",0.361111111111111,"img-802.png",2
"1783",0.476190476190476,"img-803.png",8.66666666666667
"1784",0.296031746031746,"img-804.png",Inf
"1785",0.334627329192547,"img-805.png",44
"1786",0.347826086956522,"img-806.png",44
"1787",0.196808510638298,"img-807.png",7.5
"1788",0.389112903225806,"img-808.png",4.14285714285714
"1789",0.49859943977591,"img-809.png",1.5
"1790",0.311111111111111,"img-81.png",3.11111111111111
"1791",0.359090909090909,"img-810.png",0.5
"1792",0.373205741626794,"img-811.png",0.529411764705882
"1793",0.397129186602871,"img-812.png",0.529411764705882
"1794",0.320574162679426,"img-813.png",0.5625
"1795",0.385,"img-814.png",0.444444444444444
"1796",0.334615384615385,"img-815.png",2
"1797",0.174866310160428,"img-816.png",6.6
"1798",0.189304812834225,"img-817.png",6.6
"1799",0.200271370420624,"img-818.png",4.64285714285714
"1800",0.18389186144748,"img-819.png",8.125
"1801",0.547368421052632,"img-82.png",2.42857142857143
"1802",0.170643729189789,"img-820.png",6
"1803",0.26845298281092,"img-821.png",5.5
"1804",0.303359683794466,"img-822.png",5.5
"1805",0.323671497584541,"img-823.png",1.29411764705882
"1806",0.419191919191919,"img-824.png",20
"1807",0.423076923076923,"img-825.png",8
"1808",0.295415959252971,"img-826.png",1.88888888888889
"1809",0.418181818181818,"img-827.png",4.5
"1810",0.491071428571429,"img-828.png",2.8
"1811",0.442307692307692,"img-829.png",1.83333333333333
"1812",0.507407407407407,"img-83.png",1.77777777777778
"1813",0.452380952380952,"img-830.png",5
"1814",0.47037037037037,"img-831.png",25
"1815",0.433908045977011,"img-832.png",9
"1816",0.393665158371041,"img-833.png",2.14285714285714
"1817",0.398190045248869,"img-834.png",2.14285714285714
"1818",0.428571428571429,"img-835.png",1.625
"1819",0.371794871794872,"img-836.png",3.66666666666667
"1820",0.413333333333333,"img-837.png",4
"1821",0.473333333333333,"img-838.png",2.66666666666667
"1822",0.365384615384615,"img-839.png",2.8
"1823",0.529824561403509,"img-84.png",3.4
"1824",0.394736842105263,"img-840.png",0.862068965517241
"1825",0.386939571150097,"img-841.png",0.833333333333333
"1826",0.217543859649123,"img-842.png",0.8125
"1827",0.504472271914132,"img-843.png",13.6666666666667
"1828",0.498412698412698,"img-844.png",14.3333333333333
"1829",0.440199335548173,"img-845.png",8.2
"1830",0.410299003322259,"img-846.png",10.25
"1831",0.493355481727575,"img-847.png",8.2
"1832",0.392857142857143,"img-848.png",14
"1833",0.400332225913621,"img-849.png",13.6666666666667
"1834",0.503333333333333,"img-85.png",3.6
"1835",0.404545454545455,"img-850.png",2.5
"1836",0.425837320574163,"img-851.png",2.42857142857143
"1837",0.532467532467532,"img-852.png",2.375
"1838",0.376934984520124,"img-853.png",2.66666666666667
"1839",0.400641025641026,"img-854.png",0.882352941176471
"1840",0.466666666666667,"img-855.png",5
"1841",0.416666666666667,"img-856.png",3.33333333333333
"1842",0.575,"img-857.png",1.5
"1843",0.597222222222222,"img-858.png",1.2
"1844",0.54320987654321,"img-859.png",2.33333333333333
"1845",0.567460317460317,"img-86.png",1.77777777777778
"1846",0.5,"img-860.png",1.5
"1847",0.65,"img-861.png",1.2
"1848",0.6125,"img-862.png",1.2
"1849",0.545454545454545,"img-863.png",4.5
"1850",0.5375,"img-864.png",1.5
"1851",0.569444444444444,"img-865.png",3.5
"1852",0.518181818181818,"img-866.png",3
"1853",0.51,"img-867.png",2
"1854",0.6125,"img-868.png",1
"1855",0.654320987654321,"img-869.png",2.33333333333333
"1856",0.484962406015038,"img-87.png",4.25
"1857",0.625,"img-870.png",2.5
"1858",0.541666666666667,"img-871.png",1.66666666666667
"1859",0.575,"img-872.png",2
"1860",0.565656565656566,"img-873.png",2.25
"1861",0.527272727272727,"img-874.png",4.5
"1862",0.563636363636364,"img-875.png",2.25
"1863",0.465811965811966,"img-876.png",2.75
"1864",0.419047619047619,"img-877.png",2.5
"1865",0.611111111111111,"img-878.png",0.571428571428571
"1866",0.224154589371981,"img-879.png",6.14285714285714
"1867",0.498039215686275,"img-88.png",1.66666666666667
"1868",0.323607427055703,"img-880.png",1.41176470588235
"1869",0.335978835978836,"img-881.png",1.5625
"1870",0.347435897435897,"img-882.png",1.33333333333333
"1871",0.375,"img-883.png",1.52941176470588
"1872",0.398601398601399,"img-884.png",8
"1873",0.343470483005367,"img-885.png",1.95238095238095
"1874",0.472222222222222,"img-886.png",Inf
"1875",0.380952380952381,"img-887.png",2.55555555555556
"1876",0.240683229813665,"img-888.png",6.28571428571429
"1877",0.311764705882353,"img-889.png",4
"1878",0.537593984962406,"img-89.png",2.42857142857143
"1879",0.350877192982456,"img-890.png",2.42857142857143
"1880",0.382142857142857,"img-891.png",28
"1881",0.373271889400922,"img-892.png",Inf
"1882",0.349112426035503,"img-893.png",1.41176470588235
"1883",0.323979591836735,"img-894.png",5.2
"1884",0.371693121693122,"img-895.png",1.31578947368421
"1885",0.437275985663082,"img-896.png",4.14285714285714
"1886",0.407017543859649,"img-897.png",1.30769230769231
"1887",0.402105263157895,"img-898.png",1.91666666666667
"1888",0.539285714285714,"img-899.png",1.625
"1889",0.385342789598109,"img-9.png",15
"1890",0.487684729064039,"img-90.png",1.08
"1891",0.461538461538462,"img-900.png",14
"1892",0.475213675213675,"img-901.png",8.6
"1893",0.428321678321678,"img-902.png",10.5
"1894",0.516483516483517,"img-903.png",10
"1895",0.476923076923077,"img-904.png",0.75
"1896",0.427295918367347,"img-905.png",1.44444444444444
"1897",0.364197530864198,"img-906.png",2.08333333333333
"1898",0.328947368421053,"img-907.png",0.933333333333333
"1899",0.347381864623244,"img-908.png",1.25
"1900",0.450928381962865,"img-909.png",13.5
"1901",0.366300366300366,"img-91.png",4.75
"1902",0.377777777777778,"img-910.png",1.08695652173913
"1903",0.416666666666667,"img-911.png",5
"1904",0.477272727272727,"img-912.png",3
"1905",0.527272727272727,"img-913.png",4
"1906",0.333333333333333,"img-914.png",Inf
"1907",0.390625,"img-915.png",Inf
"1908",0.294836956521739,"img-916.png",2.75
"1909",0.339920948616601,"img-917.png",2.31578947368421
"1910",0.360733695652174,"img-918.png",2.44444444444444
"1911",0.359722222222222,"img-919.png",2.38888888888889
"1912",0.475862068965517,"img-92.png",1.21739130434783
"1913",0.327445652173913,"img-920.png",2.31578947368421
"1914",0.325396825396825,"img-921.png",8.33333333333333
"1915",0.43557168784029,"img-922.png",1.92857142857143
"1916",0.363523573200993,"img-923.png",7.25
"1917",0.440577249575552,"img-924.png",29
"1918",0.382591093117409,"img-925.png",2.18181818181818
"1919",0.517857142857143,"img-926.png",21
"1920",0.419753086419753,"img-927.png",2.5
"1921",0.456228956228956,"img-928.png",1.78571428571429
"1922",0.396296296296296,"img-929.png",1.13636363636364
"1923",0.306473517428701,"img-93.png",5
"1924",0.414942528735632,"img-930.png",1.22727272727273
"1925",0.3125,"img-931.png",8.66666666666667
"1926",0.281818181818182,"img-932.png",5.375
"1927",0.270475227502528,"img-933.png",6.28571428571429
"1928",0.455882352941176,"img-934.png",2.5
"1929",0.475935828877005,"img-935.png",2.5
"1930",0.457142857142857,"img-936.png",1.71428571428571
"1931",0.395833333333333,"img-937.png",2.33333333333333
"1932",0.587301587301587,"img-938.png",6.33333333333333
"1933",0.386039886039886,"img-939.png",8.33333333333333
"1934",0.27891156462585,"img-94.png",4.7
"1935",0.378787878787879,"img-940.png",3.33333333333333
"1936",0.440559440559441,"img-941.png",5.5
"1937",0.625,"img-942.png",1.5
"1938",0.53030303030303,"img-943.png",2.25
"1939",0.527777777777778,"img-944.png",7
"1940",0.477272727272727,"img-945.png",2.5
"1941",0.625,"img-946.png",6
"1942",0.604166666666667,"img-947.png",3
"1943",0.571428571428571,"img-948.png",1.66666666666667
"1944",0.551020408163265,"img-949.png",2.5
"1945",0.267345050878816,"img-95.png",5.625
"1946",0.517857142857143,"img-950.png",3
"1947",0.625,"img-951.png",1.66666666666667
"1948",0.589285714285714,"img-952.png",3
"1949",0.589285714285714,"img-953.png",2
"1950",0.612244897959184,"img-954.png",2.5
"1951",0.5,"img-955.png",3
"1952",0.59375,"img-956.png",2
"1953",0.571428571428571,"img-957.png",3
"1954",0.571428571428571,"img-958.png",3
"1955",0.653061224489796,"img-959.png",1.25
"1956",0.320094562647754,"img-96.png",5
"1957",0.5625,"img-960.png",2
"1958",0.507936507936508,"img-961.png",2.5
"1959",0.546875,"img-962.png",2
"1960",0.532467532467532,"img-963.png",1.66666666666667
"1961",0.520833333333333,"img-964.png",3
"1962",0.5,"img-965.png",2
"1963",0.571428571428571,"img-966.png",3
"1964",0.541666666666667,"img-967.png",1.75
"1965",0.5,"img-968.png",3.5
"1966",0.447552447552448,"img-969.png",1.22222222222222
"1967",0.354775828460039,"img-97.png",6.25
"1968",0.392857142857143,"img-970.png",6
"1969",0.464285714285714,"img-971.png",1.66666666666667
"1970",0.482142857142857,"img-972.png",6
"1971",0.551020408163265,"img-973.png",1.66666666666667
"1972",0.535714285714286,"img-974.png",2
"1973",0.525252525252525,"img-975.png",3.5
"1974",0.380952380952381,"img-976.png",7
"1975",0.660714285714286,"img-977.png",3
"1976",0.517857142857143,"img-978.png",6
"1977",0.376756066411239,"img-979.png",1.19047619047619
"1978",0.321428571428571,"img-98.png",3.66666666666667
"1979",0.503267973856209,"img-980.png",7.5
"1980",0.410714285714286,"img-981.png",2.8
"1981",0.415024630541872,"img-982.png",1.23809523809524
"1982",0.462532299741602,"img-983.png",Inf
"1983",0.453703703703704,"img-984.png",8.33333333333333
"1984",0.490909090909091,"img-985.png",20
"1985",0.491666666666667,"img-986.png",Inf
"1986",0.522222222222222,"img-987.png",25
"1987",0.31,"img-988.png",7.66666666666667
"1988",0.34,"img-989.png",5.75
"1989",0.321428571428571,"img-99.png",5.5
"1990",0.348,"img-990.png",4.6
"1991",0.322510822510823,"img-991.png",1.53846153846154
"1992",0.472049689440994,"img-992.png",2
"1993",0.295555555555556,"img-993.png",2.15
"1994",0.291111111111111,"img-994.png",2.15
"1995",0.385026737967914,"img-995.png",7.5
"1996",0.429752066115702,"img-996.png",1.8
"1997",0.367724867724868,"img-997.png",1.31578947368421
"1998",0.405241935483871,"img-998.png",4.83333333333333
"1999",0.394,"img-999.png",2.3
